region_cd,level,name,full_name,parent_cd
11110,sgg,종로구,서울특별시 종로구,11
11140,sgg,중구,서울특별시 중구,11
11170,sgg,용산구,서울특별시 용산구,11
11200,sgg,성동구,서울특별시 성동구,11
11215,sgg,광진구,서울특별시 광진구,11
11230,sgg,동대문구,서울특별시 동대문구,11
11260,sgg,중랑구,서울특별시 중랑구,11
11290,sgg,성북구,서울특별시 성북구,11
11305,sgg,강북구,서울특별시 강북구,11
11320,sgg,도봉구,서울특별시 도봉구,11
11350,sgg,노원구,서울특별시 노원구,11
11380,sgg,은평구,서울특별시 은평구,11
11410,sgg,서대문구,서울특별시 서대문구,11
11440,sgg,마포구,서울특별시 마포구,11
11470,sgg,양천구,서울특별시 양천구,11
11500,sgg,강서구,서울특별시 강서구,11
11530,sgg,구로구,서울특별시 구로구,11
11545,sgg,금천구,서울특별시 금천구,11
11560,sgg,영등포구,서울특별시 영등포구,11
11590,sgg,동작구,서울특별시 동작구,11
11620,sgg,관악구,서울특별시 관악구,11
11650,sgg,서초구,서울특별시 서초구,11
11680,sgg,강남구,서울특별시 강남구,11
11710,sgg,송파구,서울특별시 송파구,11
11740,sgg,강동구,서울특별시 강동구,11
12110,sgg,목포시,전남광주통합특별시 목포시,12
12130,sgg,여수시,전남광주통합특별시 여수시,12
12150,sgg,순천시,전남광주통합특별시 순천시,12
12170,sgg,나주시,전남광주통합특별시 나주시,12
12190,sgg,광양시,전남광주통합특별시 광양시,12
12210,sgg,광주 동구,전남광주통합특별시 광주 동구,12
12240,sgg,광주 서구,전남광주통합특별시 광주 서구,12
12270,sgg,광주 남구,전남광주통합특별시 광주 남구,12
12300,sgg,광주 북구,전남광주통합특별시 광주 북구,12
12330,sgg,광주 광산구,전남광주통합특별시 광주 광산구,12
12710,sgg,담양군,전남광주통합특별시 담양군,12
12720,sgg,곡성군,전남광주통합특별시 곡성군,12
12730,sgg,구례군,전남광주통합특별시 구례군,12
12740,sgg,고흥군,전남광주통합특별시 고흥군,12
12750,sgg,보성군,전남광주통합특별시 보성군,12
12760,sgg,화순군,전남광주통합특별시 화순군,12
12770,sgg,장흥군,전남광주통합특별시 장흥군,12
12780,sgg,강진군,전남광주통합특별시 강진군,12
12790,sgg,해남군,전남광주통합특별시 해남군,12
12800,sgg,영암군,전남광주통합특별시 영암군,12
12810,sgg,무안군,전남광주통합특별시 무안군,12
12820,sgg,함평군,전남광주통합특별시 함평군,12
12830,sgg,영광군,전남광주통합특별시 영광군,12
12840,sgg,장성군,전남광주통합특별시 장성군,12
12850,sgg,완도군,전남광주통합특별시 완도군,12
12860,sgg,진도군,전남광주통합특별시 진도군,12
12870,sgg,신안군,전남광주통합특별시 신안군,12
26110,sgg,중구,부산광역시 중구,26
26140,sgg,서구,부산광역시 서구,26
26170,sgg,동구,부산광역시 동구,26
26200,sgg,영도구,부산광역시 영도구,26
26230,sgg,부산진구,부산광역시 부산진구,26
26260,sgg,동래구,부산광역시 동래구,26
26290,sgg,남구,부산광역시 남구,26
26320,sgg,북구,부산광역시 북구,26
26350,sgg,해운대구,부산광역시 해운대구,26
26380,sgg,사하구,부산광역시 사하구,26
26410,sgg,금정구,부산광역시 금정구,26
26440,sgg,강서구,부산광역시 강서구,26
26470,sgg,연제구,부산광역시 연제구,26
26500,sgg,수영구,부산광역시 수영구,26
26530,sgg,사상구,부산광역시 사상구,26
26710,sgg,기장군,부산광역시 기장군,26
27110,sgg,중구,대구광역시 중구,27
27140,sgg,동구,대구광역시 동구,27
27170,sgg,서구,대구광역시 서구,27
27200,sgg,남구,대구광역시 남구,27
27230,sgg,북구,대구광역시 북구,27
27260,sgg,수성구,대구광역시 수성구,27
27290,sgg,달서구,대구광역시 달서구,27
27710,sgg,달성군,대구광역시 달성군,27
27720,sgg,군위군,대구광역시 군위군,27
28125,sgg,제물포구,인천광역시 제물포구,28
28155,sgg,영종구,인천광역시 영종구,28
28177,sgg,미추홀구,인천광역시 미추홀구,28
28185,sgg,연수구,인천광역시 연수구,28
28200,sgg,남동구,인천광역시 남동구,28
28237,sgg,부평구,인천광역시 부평구,28
28245,sgg,계양구,인천광역시 계양구,28
28275,sgg,서구,인천광역시 서구,28
28290,sgg,검단구,인천광역시 검단구,28
28710,sgg,강화군,인천광역시 강화군,28
28720,sgg,옹진군,인천광역시 옹진군,28
30110,sgg,동구,대전광역시 동구,30
30140,sgg,중구,대전광역시 중구,30
30170,sgg,서구,대전광역시 서구,30
30200,sgg,유성구,대전광역시 유성구,30
30230,sgg,대덕구,대전광역시 대덕구,30
31110,sgg,중구,울산광역시 중구,31
31140,sgg,남구,울산광역시 남구,31
31170,sgg,동구,울산광역시 동구,31
31200,sgg,북구,울산광역시 북구,31
31710,sgg,울주군,울산광역시 울주군,31
36110,sgg,세종시,세종특별자치시 세종시,36
41111,sgg,수원시 장안구,경기도 수원시 장안구,41
41113,sgg,수원시 권선구,경기도 수원시 권선구,41
41115,sgg,수원시 팔달구,경기도 수원시 팔달구,41
41117,sgg,수원시 영통구,경기도 수원시 영통구,41
41131,sgg,성남시 수정구,경기도 성남시 수정구,41
41133,sgg,성남시 중원구,경기도 성남시 중원구,41
41135,sgg,성남시 분당구,경기도 성남시 분당구,41
41150,sgg,의정부시,경기도 의정부시,41
41171,sgg,안양시 만안구,경기도 안양시 만안구,41
41173,sgg,안양시 동안구,경기도 안양시 동안구,41
41192,sgg,부천시 원미구,경기도 부천시 원미구,41
41194,sgg,부천시 소사구,경기도 부천시 소사구,41
41196,sgg,부천시 오정구,경기도 부천시 오정구,41
41210,sgg,광명시,경기도 광명시,41
41220,sgg,평택시,경기도 평택시,41
41250,sgg,동두천시,경기도 동두천시,41
41271,sgg,안산시 상록구,경기도 안산시 상록구,41
41273,sgg,안산시 단원구,경기도 안산시 단원구,41
41281,sgg,고양시 덕양구,경기도 고양시 덕양구,41
41285,sgg,고양시 일산동구,경기도 고양시 일산동구,41
41287,sgg,고양시 일산서구,경기도 고양시 일산서구,41
41290,sgg,과천시,경기도 과천시,41
41310,sgg,구리시,경기도 구리시,41
41360,sgg,남양주시,경기도 남양주시,41
41370,sgg,오산시,경기도 오산시,41
41390,sgg,시흥시,경기도 시흥시,41
41410,sgg,군포시,경기도 군포시,41
41430,sgg,의왕시,경기도 의왕시,41
41450,sgg,하남시,경기도 하남시,41
41461,sgg,용인시 처인구,경기도 용인시 처인구,41
41463,sgg,용인시 기흥구,경기도 용인시 기흥구,41
41465,sgg,용인시 수지구,경기도 용인시 수지구,41
41480,sgg,파주시,경기도 파주시,41
41500,sgg,이천시,경기도 이천시,41
41550,sgg,안성시,경기도 안성시,41
41570,sgg,김포시,경기도 김포시,41
41591,sgg,화성시 만세구,경기도 화성시 만세구,41
41593,sgg,화성시 효행구,경기도 화성시 효행구,41
41595,sgg,화성시 병점구,경기도 화성시 병점구,41
41597,sgg,화성시 동탄구,경기도 화성시 동탄구,41
41610,sgg,광주시,경기도 광주시,41
41630,sgg,양주시,경기도 양주시,41
41650,sgg,포천시,경기도 포천시,41
41670,sgg,여주시,경기도 여주시,41
41800,sgg,연천군,경기도 연천군,41
41820,sgg,가평군,경기도 가평군,41
41830,sgg,양평군,경기도 양평군,41
43111,sgg,청주시 상당구,충청북도 청주시 상당구,43
43112,sgg,청주시 서원구,충청북도 청주시 서원구,43
43113,sgg,청주시 흥덕구,충청북도 청주시 흥덕구,43
43114,sgg,청주시 청원구,충청북도 청주시 청원구,43
43130,sgg,충주시,충청북도 충주시,43
43150,sgg,제천시,충청북도 제천시,43
43720,sgg,보은군,충청북도 보은군,43
43730,sgg,옥천군,충청북도 옥천군,43
43740,sgg,영동군,충청북도 영동군,43
43745,sgg,증평군,충청북도 증평군,43
43750,sgg,진천군,충청북도 진천군,43
43760,sgg,괴산군,충청북도 괴산군,43
43770,sgg,음성군,충청북도 음성군,43
43800,sgg,단양군,충청북도 단양군,43
44131,sgg,천안시 동남구,충청남도 천안시 동남구,44
44133,sgg,천안시 서북구,충청남도 천안시 서북구,44
44150,sgg,공주시,충청남도 공주시,44
44180,sgg,보령시,충청남도 보령시,44
44200,sgg,아산시,충청남도 아산시,44
44210,sgg,서산시,충청남도 서산시,44
44230,sgg,논산시,충청남도 논산시,44
44250,sgg,계룡시,충청남도 계룡시,44
44270,sgg,당진시,충청남도 당진시,44
44710,sgg,금산군,충청남도 금산군,44
44760,sgg,부여군,충청남도 부여군,44
44770,sgg,서천군,충청남도 서천군,44
44790,sgg,청양군,충청남도 청양군,44
44800,sgg,홍성군,충청남도 홍성군,44
44810,sgg,예산군,충청남도 예산군,44
44825,sgg,태안군,충청남도 태안군,44
47111,sgg,포항시 남구,경상북도 포항시 남구,47
47113,sgg,포항시 북구,경상북도 포항시 북구,47
47130,sgg,경주시,경상북도 경주시,47
47150,sgg,김천시,경상북도 김천시,47
47170,sgg,안동시,경상북도 안동시,47
47190,sgg,구미시,경상북도 구미시,47
47210,sgg,영주시,경상북도 영주시,47
47230,sgg,영천시,경상북도 영천시,47
47250,sgg,상주시,경상북도 상주시,47
47280,sgg,문경시,경상북도 문경시,47
47290,sgg,경산시,경상북도 경산시,47
47730,sgg,의성군,경상북도 의성군,47
47750,sgg,청송군,경상북도 청송군,47
47760,sgg,영양군,경상북도 영양군,47
47770,sgg,영덕군,경상북도 영덕군,47
47820,sgg,청도군,경상북도 청도군,47
47830,sgg,고령군,경상북도 고령군,47
47840,sgg,성주군,경상북도 성주군,47
47850,sgg,칠곡군,경상북도 칠곡군,47
47900,sgg,예천군,경상북도 예천군,47
47920,sgg,봉화군,경상북도 봉화군,47
47930,sgg,울진군,경상북도 울진군,47
47940,sgg,울릉군,경상북도 울릉군,47
48121,sgg,창원시 의창구,경상남도 창원시 의창구,48
48123,sgg,창원시 성산구,경상남도 창원시 성산구,48
48125,sgg,창원시 마산합포구,경상남도 창원시 마산합포구,48
48127,sgg,창원시 마산회원구,경상남도 창원시 마산회원구,48
48129,sgg,창원시 진해구,경상남도 창원시 진해구,48
48170,sgg,진주시,경상남도 진주시,48
48220,sgg,통영시,경상남도 통영시,48
48240,sgg,사천시,경상남도 사천시,48
48250,sgg,김해시,경상남도 김해시,48
48270,sgg,밀양시,경상남도 밀양시,48
48310,sgg,거제시,경상남도 거제시,48
48330,sgg,양산시,경상남도 양산시,48
48720,sgg,의령군,경상남도 의령군,48
48730,sgg,함안군,경상남도 함안군,48
48740,sgg,창녕군,경상남도 창녕군,48
48820,sgg,고성군,경상남도 고성군,48
48840,sgg,남해군,경상남도 남해군,48
48850,sgg,하동군,경상남도 하동군,48
48860,sgg,산청군,경상남도 산청군,48
48870,sgg,함양군,경상남도 함양군,48
48880,sgg,거창군,경상남도 거창군,48
48890,sgg,합천군,경상남도 합천군,48
50110,sgg,제주시,제주특별자치도 제주시,50
50130,sgg,서귀포시,제주특별자치도 서귀포시,50
51110,sgg,춘천시,강원특별자치도 춘천시,51
51130,sgg,원주시,강원특별자치도 원주시,51
51150,sgg,강릉시,강원특별자치도 강릉시,51
51170,sgg,동해시,강원특별자치도 동해시,51
51190,sgg,태백시,강원특별자치도 태백시,51
51210,sgg,속초시,강원특별자치도 속초시,51
51230,sgg,삼척시,강원특별자치도 삼척시,51
51720,sgg,홍천군,강원특별자치도 홍천군,51
51730,sgg,횡성군,강원특별자치도 횡성군,51
51750,sgg,영월군,강원특별자치도 영월군,51
51760,sgg,평창군,강원특별자치도 평창군,51
51770,sgg,정선군,강원특별자치도 정선군,51
51780,sgg,철원군,강원특별자치도 철원군,51
51790,sgg,화천군,강원특별자치도 화천군,51
51800,sgg,양구군,강원특별자치도 양구군,51
51810,sgg,인제군,강원특별자치도 인제군,51
51820,sgg,고성군,강원특별자치도 고성군,51
51830,sgg,양양군,강원특별자치도 양양군,51
52111,sgg,전주시 완산구,전북특별자치도 전주시 완산구,52
52113,sgg,전주시 덕진구,전북특별자치도 전주시 덕진구,52
52130,sgg,군산시,전북특별자치도 군산시,52
52140,sgg,익산시,전북특별자치도 익산시,52
52180,sgg,정읍시,전북특별자치도 정읍시,52
52190,sgg,남원시,전북특별자치도 남원시,52
52210,sgg,김제시,전북특별자치도 김제시,52
52710,sgg,완주군,전북특별자치도 완주군,52
52720,sgg,진안군,전북특별자치도 진안군,52
52730,sgg,무주군,전북특별자치도 무주군,52
52740,sgg,장수군,전북특별자치도 장수군,52
52750,sgg,임실군,전북특별자치도 임실군,52
52770,sgg,순창군,전북특별자치도 순창군,52
52790,sgg,고창군,전북특별자치도 고창군,52
52800,sgg,부안군,전북특별자치도 부안군,52
11,sido,서울특별시,서울특별시,
12,sido,전남광주통합특별시,전남광주통합특별시,
26,sido,부산광역시,부산광역시,
27,sido,대구광역시,대구광역시,
28,sido,인천광역시,인천광역시,
30,sido,대전광역시,대전광역시,
31,sido,울산광역시,울산광역시,
36,sido,세종특별자치시,세종특별자치시,
41,sido,경기도,경기도,
43,sido,충청북도,충청북도,
44,sido,충청남도,충청남도,
47,sido,경상북도,경상북도,
48,sido,경상남도,경상남도,
50,sido,제주특별자치도,제주특별자치도,
51,sido,강원특별자치도,강원특별자치도,
52,sido,전북특별자치도,전북특별자치도,
11110101,umd,청운동,서울특별시 종로구 청운동,11110
11110102,umd,신교동,서울특별시 종로구 신교동,11110
11110103,umd,궁정동,서울특별시 종로구 궁정동,11110
11110104,umd,효자동,서울특별시 종로구 효자동,11110
11110105,umd,창성동,서울특별시 종로구 창성동,11110
11110106,umd,통의동,서울특별시 종로구 통의동,11110
11110107,umd,적선동,서울특별시 종로구 적선동,11110
11110108,umd,통인동,서울특별시 종로구 통인동,11110
11110109,umd,누상동,서울특별시 종로구 누상동,11110
11110110,umd,누하동,서울특별시 종로구 누하동,11110
11110111,umd,옥인동,서울특별시 종로구 옥인동,11110
11110112,umd,체부동,서울특별시 종로구 체부동,11110
11110113,umd,필운동,서울특별시 종로구 필운동,11110
11110114,umd,내자동,서울특별시 종로구 내자동,11110
11110115,umd,사직동,서울특별시 종로구 사직동,11110
11110116,umd,도렴동,서울특별시 종로구 도렴동,11110
11110117,umd,당주동,서울특별시 종로구 당주동,11110
11110118,umd,내수동,서울특별시 종로구 내수동,11110
11110119,umd,세종로,서울특별시 종로구 세종로,11110
11110120,umd,신문로1가,서울특별시 종로구 신문로1가,11110
11110121,umd,신문로2가,서울특별시 종로구 신문로2가,11110
11110122,umd,청진동,서울특별시 종로구 청진동,11110
11110123,umd,서린동,서울특별시 종로구 서린동,11110
11110124,umd,수송동,서울특별시 종로구 수송동,11110
11110125,umd,중학동,서울특별시 종로구 중학동,11110
11110126,umd,종로1가,서울특별시 종로구 종로1가,11110
11110127,umd,공평동,서울특별시 종로구 공평동,11110
11110128,umd,관훈동,서울특별시 종로구 관훈동,11110
11110129,umd,견지동,서울특별시 종로구 견지동,11110
11110130,umd,와룡동,서울특별시 종로구 와룡동,11110
11110131,umd,권농동,서울특별시 종로구 권농동,11110
11110132,umd,운니동,서울특별시 종로구 운니동,11110
11110133,umd,익선동,서울특별시 종로구 익선동,11110
11110134,umd,경운동,서울특별시 종로구 경운동,11110
11110135,umd,관철동,서울특별시 종로구 관철동,11110
11110136,umd,인사동,서울특별시 종로구 인사동,11110
11110137,umd,낙원동,서울특별시 종로구 낙원동,11110
11110138,umd,종로2가,서울특별시 종로구 종로2가,11110
11110139,umd,팔판동,서울특별시 종로구 팔판동,11110
11110140,umd,삼청동,서울특별시 종로구 삼청동,11110
11110141,umd,안국동,서울특별시 종로구 안국동,11110
11110142,umd,소격동,서울특별시 종로구 소격동,11110
11110143,umd,화동,서울특별시 종로구 화동,11110
11110144,umd,사간동,서울특별시 종로구 사간동,11110
11110145,umd,송현동,서울특별시 종로구 송현동,11110
11110146,umd,가회동,서울특별시 종로구 가회동,11110
11110147,umd,재동,서울특별시 종로구 재동,11110
11110148,umd,계동,서울특별시 종로구 계동,11110
11110149,umd,원서동,서울특별시 종로구 원서동,11110
11110150,umd,훈정동,서울특별시 종로구 훈정동,11110
11110151,umd,묘동,서울특별시 종로구 묘동,11110
11110152,umd,봉익동,서울특별시 종로구 봉익동,11110
11110153,umd,돈의동,서울특별시 종로구 돈의동,11110
11110154,umd,장사동,서울특별시 종로구 장사동,11110
11110155,umd,관수동,서울특별시 종로구 관수동,11110
11110156,umd,종로3가,서울특별시 종로구 종로3가,11110
11110157,umd,인의동,서울특별시 종로구 인의동,11110
11110158,umd,예지동,서울특별시 종로구 예지동,11110
11110159,umd,원남동,서울특별시 종로구 원남동,11110
11110160,umd,연지동,서울특별시 종로구 연지동,11110
11110161,umd,종로4가,서울특별시 종로구 종로4가,11110
11110162,umd,효제동,서울특별시 종로구 효제동,11110
11110163,umd,종로5가,서울특별시 종로구 종로5가,11110
11110164,umd,종로6가,서울특별시 종로구 종로6가,11110
11110165,umd,이화동,서울특별시 종로구 이화동,11110
11110166,umd,연건동,서울특별시 종로구 연건동,11110
11110167,umd,충신동,서울특별시 종로구 충신동,11110
11110168,umd,동숭동,서울특별시 종로구 동숭동,11110
11110169,umd,혜화동,서울특별시 종로구 혜화동,11110
11110170,umd,명륜1가,서울특별시 종로구 명륜1가,11110
11110171,umd,명륜2가,서울특별시 종로구 명륜2가,11110
11110172,umd,명륜4가,서울특별시 종로구 명륜4가,11110
11110173,umd,명륜3가,서울특별시 종로구 명륜3가,11110
11110174,umd,창신동,서울특별시 종로구 창신동,11110
11110175,umd,숭인동,서울특별시 종로구 숭인동,11110
11110176,umd,교남동,서울특별시 종로구 교남동,11110
11110177,umd,평동,서울특별시 종로구 평동,11110
11110178,umd,송월동,서울특별시 종로구 송월동,11110
11110179,umd,홍파동,서울특별시 종로구 홍파동,11110
11110180,umd,교북동,서울특별시 종로구 교북동,11110
11110181,umd,행촌동,서울특별시 종로구 행촌동,11110
11110182,umd,구기동,서울특별시 종로구 구기동,11110
11110183,umd,평창동,서울특별시 종로구 평창동,11110
11110184,umd,부암동,서울특별시 종로구 부암동,11110
11110185,umd,홍지동,서울특별시 종로구 홍지동,11110
11110186,umd,신영동,서울특별시 종로구 신영동,11110
11110187,umd,무악동,서울특별시 종로구 무악동,11110
11140101,umd,무교동,서울특별시 중구 무교동,11140
11140102,umd,다동,서울특별시 중구 다동,11140
11140103,umd,태평로1가,서울특별시 중구 태평로1가,11140
11140104,umd,을지로1가,서울특별시 중구 을지로1가,11140
11140105,umd,을지로2가,서울특별시 중구 을지로2가,11140
11140106,umd,남대문로1가,서울특별시 중구 남대문로1가,11140
11140107,umd,삼각동,서울특별시 중구 삼각동,11140
11140108,umd,수하동,서울특별시 중구 수하동,11140
11140109,umd,장교동,서울특별시 중구 장교동,11140
11140110,umd,수표동,서울특별시 중구 수표동,11140
11140111,umd,소공동,서울특별시 중구 소공동,11140
11140112,umd,남창동,서울특별시 중구 남창동,11140
11140113,umd,북창동,서울특별시 중구 북창동,11140
11140114,umd,태평로2가,서울특별시 중구 태평로2가,11140
11140115,umd,남대문로2가,서울특별시 중구 남대문로2가,11140
11140116,umd,남대문로3가,서울특별시 중구 남대문로3가,11140
11140117,umd,남대문로4가,서울특별시 중구 남대문로4가,11140
11140118,umd,남대문로5가,서울특별시 중구 남대문로5가,11140
11140119,umd,봉래동1가,서울특별시 중구 봉래동1가,11140
11140120,umd,봉래동2가,서울특별시 중구 봉래동2가,11140
11140121,umd,회현동1가,서울특별시 중구 회현동1가,11140
11140122,umd,회현동2가,서울특별시 중구 회현동2가,11140
11140123,umd,회현동3가,서울특별시 중구 회현동3가,11140
11140124,umd,충무로1가,서울특별시 중구 충무로1가,11140
11140125,umd,충무로2가,서울특별시 중구 충무로2가,11140
11140126,umd,명동1가,서울특별시 중구 명동1가,11140
11140127,umd,명동2가,서울특별시 중구 명동2가,11140
11140128,umd,남산동1가,서울특별시 중구 남산동1가,11140
11140129,umd,남산동2가,서울특별시 중구 남산동2가,11140
11140130,umd,남산동3가,서울특별시 중구 남산동3가,11140
11140131,umd,저동1가,서울특별시 중구 저동1가,11140
11140132,umd,충무로4가,서울특별시 중구 충무로4가,11140
11140133,umd,충무로5가,서울특별시 중구 충무로5가,11140
11140134,umd,인현동2가,서울특별시 중구 인현동2가,11140
11140135,umd,예관동,서울특별시 중구 예관동,11140
11140136,umd,묵정동,서울특별시 중구 묵정동,11140
11140137,umd,필동1가,서울특별시 중구 필동1가,11140
11140138,umd,필동2가,서울특별시 중구 필동2가,11140
11140139,umd,필동3가,서울특별시 중구 필동3가,11140
11140140,umd,남학동,서울특별시 중구 남학동,11140
11140141,umd,주자동,서울특별시 중구 주자동,11140
11140142,umd,예장동,서울특별시 중구 예장동,11140
11140143,umd,장충동1가,서울특별시 중구 장충동1가,11140
11140144,umd,장충동2가,서울특별시 중구 장충동2가,11140
11140145,umd,광희동1가,서울특별시 중구 광희동1가,11140
11140146,umd,광희동2가,서울특별시 중구 광희동2가,11140
11140147,umd,쌍림동,서울특별시 중구 쌍림동,11140
11140148,umd,을지로6가,서울특별시 중구 을지로6가,11140
11140149,umd,을지로7가,서울특별시 중구 을지로7가,11140
11140150,umd,을지로4가,서울특별시 중구 을지로4가,11140
11140151,umd,을지로5가,서울특별시 중구 을지로5가,11140
11140152,umd,주교동,서울특별시 중구 주교동,11140
11140153,umd,방산동,서울특별시 중구 방산동,11140
11140154,umd,오장동,서울특별시 중구 오장동,11140
11140155,umd,을지로3가,서울특별시 중구 을지로3가,11140
11140156,umd,입정동,서울특별시 중구 입정동,11140
11140157,umd,산림동,서울특별시 중구 산림동,11140
11140158,umd,충무로3가,서울특별시 중구 충무로3가,11140
11140159,umd,초동,서울특별시 중구 초동,11140
11140160,umd,인현동1가,서울특별시 중구 인현동1가,11140
11140161,umd,저동2가,서울특별시 중구 저동2가,11140
11140162,umd,신당동,서울특별시 중구 신당동,11140
11140163,umd,흥인동,서울특별시 중구 흥인동,11140
11140164,umd,무학동,서울특별시 중구 무학동,11140
11140165,umd,황학동,서울특별시 중구 황학동,11140
11140166,umd,서소문동,서울특별시 중구 서소문동,11140
11140167,umd,정동,서울특별시 중구 정동,11140
11140168,umd,순화동,서울특별시 중구 순화동,11140
11140169,umd,의주로1가,서울특별시 중구 의주로1가,11140
11140170,umd,충정로1가,서울특별시 중구 충정로1가,11140
11140171,umd,중림동,서울특별시 중구 중림동,11140
11140172,umd,의주로2가,서울특별시 중구 의주로2가,11140
11140173,umd,만리동1가,서울특별시 중구 만리동1가,11140
11140174,umd,만리동2가,서울특별시 중구 만리동2가,11140
11170101,umd,후암동,서울특별시 용산구 후암동,11170
11170102,umd,용산동2가,서울특별시 용산구 용산동2가,11170
11170103,umd,용산동4가,서울특별시 용산구 용산동4가,11170
11170104,umd,갈월동,서울특별시 용산구 갈월동,11170
11170105,umd,남영동,서울특별시 용산구 남영동,11170
11170106,umd,용산동1가,서울특별시 용산구 용산동1가,11170
11170107,umd,동자동,서울특별시 용산구 동자동,11170
11170108,umd,서계동,서울특별시 용산구 서계동,11170
11170109,umd,청파동1가,서울특별시 용산구 청파동1가,11170
11170110,umd,청파동2가,서울특별시 용산구 청파동2가,11170
11170111,umd,청파동3가,서울특별시 용산구 청파동3가,11170
11170112,umd,원효로1가,서울특별시 용산구 원효로1가,11170
11170113,umd,원효로2가,서울특별시 용산구 원효로2가,11170
11170114,umd,신창동,서울특별시 용산구 신창동,11170
11170115,umd,산천동,서울특별시 용산구 산천동,11170
11170116,umd,청암동,서울특별시 용산구 청암동,11170
11170117,umd,원효로3가,서울특별시 용산구 원효로3가,11170
11170118,umd,원효로4가,서울특별시 용산구 원효로4가,11170
11170119,umd,효창동,서울특별시 용산구 효창동,11170
11170120,umd,도원동,서울특별시 용산구 도원동,11170
11170121,umd,용문동,서울특별시 용산구 용문동,11170
11170122,umd,문배동,서울특별시 용산구 문배동,11170
11170123,umd,신계동,서울특별시 용산구 신계동,11170
11170124,umd,한강로1가,서울특별시 용산구 한강로1가,11170
11170125,umd,한강로2가,서울특별시 용산구 한강로2가,11170
11170126,umd,용산동3가,서울특별시 용산구 용산동3가,11170
11170127,umd,용산동5가,서울특별시 용산구 용산동5가,11170
11170128,umd,한강로3가,서울특별시 용산구 한강로3가,11170
11170129,umd,이촌동,서울특별시 용산구 이촌동,11170
11170130,umd,이태원동,서울특별시 용산구 이태원동,11170
11170131,umd,한남동,서울특별시 용산구 한남동,11170
11170132,umd,동빙고동,서울특별시 용산구 동빙고동,11170
11170133,umd,서빙고동,서울특별시 용산구 서빙고동,11170
11170134,umd,주성동,서울특별시 용산구 주성동,11170
11170135,umd,용산동6가,서울특별시 용산구 용산동6가,11170
11170136,umd,보광동,서울특별시 용산구 보광동,11170
11200101,umd,상왕십리동,서울특별시 성동구 상왕십리동,11200
11200102,umd,하왕십리동,서울특별시 성동구 하왕십리동,11200
11200103,umd,홍익동,서울특별시 성동구 홍익동,11200
11200104,umd,도선동,서울특별시 성동구 도선동,11200
11200105,umd,마장동,서울특별시 성동구 마장동,11200
11200106,umd,사근동,서울특별시 성동구 사근동,11200
11200107,umd,행당동,서울특별시 성동구 행당동,11200
11200108,umd,응봉동,서울특별시 성동구 응봉동,11200
11200109,umd,금호동1가,서울특별시 성동구 금호동1가,11200
11200110,umd,금호동2가,서울특별시 성동구 금호동2가,11200
11200111,umd,금호동3가,서울특별시 성동구 금호동3가,11200
11200112,umd,금호동4가,서울특별시 성동구 금호동4가,11200
11200113,umd,옥수동,서울특별시 성동구 옥수동,11200
11200114,umd,성수동1가,서울특별시 성동구 성수동1가,11200
11200115,umd,성수동2가,서울특별시 성동구 성수동2가,11200
11200118,umd,송정동,서울특별시 성동구 송정동,11200
11200122,umd,용답동,서울특별시 성동구 용답동,11200
11215101,umd,중곡동,서울특별시 광진구 중곡동,11215
11215102,umd,능동,서울특별시 광진구 능동,11215
11215103,umd,구의동,서울특별시 광진구 구의동,11215
11215104,umd,광장동,서울특별시 광진구 광장동,11215
11215105,umd,자양동,서울특별시 광진구 자양동,11215
11215107,umd,화양동,서울특별시 광진구 화양동,11215
11215109,umd,군자동,서울특별시 광진구 군자동,11215
11230101,umd,신설동,서울특별시 동대문구 신설동,11230
11230102,umd,용두동,서울특별시 동대문구 용두동,11230
11230103,umd,제기동,서울특별시 동대문구 제기동,11230
11230104,umd,전농동,서울특별시 동대문구 전농동,11230
11230105,umd,답십리동,서울특별시 동대문구 답십리동,11230
11230106,umd,장안동,서울특별시 동대문구 장안동,11230
11230107,umd,청량리동,서울특별시 동대문구 청량리동,11230
11230108,umd,회기동,서울특별시 동대문구 회기동,11230
11230109,umd,휘경동,서울특별시 동대문구 휘경동,11230
11230110,umd,이문동,서울특별시 동대문구 이문동,11230
11260101,umd,면목동,서울특별시 중랑구 면목동,11260
11260102,umd,상봉동,서울특별시 중랑구 상봉동,11260
11260103,umd,중화동,서울특별시 중랑구 중화동,11260
11260104,umd,묵동,서울특별시 중랑구 묵동,11260
11260105,umd,망우동,서울특별시 중랑구 망우동,11260
11260106,umd,신내동,서울특별시 중랑구 신내동,11260
11290101,umd,성북동,서울특별시 성북구 성북동,11290
11290102,umd,성북동1가,서울특별시 성북구 성북동1가,11290
11290103,umd,돈암동,서울특별시 성북구 돈암동,11290
11290104,umd,동소문동1가,서울특별시 성북구 동소문동1가,11290
11290105,umd,동소문동2가,서울특별시 성북구 동소문동2가,11290
11290106,umd,동소문동3가,서울특별시 성북구 동소문동3가,11290
11290107,umd,동소문동4가,서울특별시 성북구 동소문동4가,11290
11290108,umd,동소문동5가,서울특별시 성북구 동소문동5가,11290
11290109,umd,동소문동6가,서울특별시 성북구 동소문동6가,11290
11290110,umd,동소문동7가,서울특별시 성북구 동소문동7가,11290
11290111,umd,삼선동1가,서울특별시 성북구 삼선동1가,11290
11290112,umd,삼선동2가,서울특별시 성북구 삼선동2가,11290
11290113,umd,삼선동3가,서울특별시 성북구 삼선동3가,11290
11290114,umd,삼선동4가,서울특별시 성북구 삼선동4가,11290
11290115,umd,삼선동5가,서울특별시 성북구 삼선동5가,11290
11290116,umd,동선동1가,서울특별시 성북구 동선동1가,11290
11290117,umd,동선동2가,서울특별시 성북구 동선동2가,11290
11290118,umd,동선동3가,서울특별시 성북구 동선동3가,11290
11290119,umd,동선동4가,서울특별시 성북구 동선동4가,11290
11290120,umd,동선동5가,서울특별시 성북구 동선동5가,11290
11290121,umd,안암동1가,서울특별시 성북구 안암동1가,11290
11290122,umd,안암동2가,서울특별시 성북구 안암동2가,11290
11290123,umd,안암동3가,서울특별시 성북구 안암동3가,11290
11290124,umd,안암동4가,서울특별시 성북구 안암동4가,11290
11290125,umd,안암동5가,서울특별시 성북구 안암동5가,11290
11290126,umd,보문동4가,서울특별시 성북구 보문동4가,11290
11290127,umd,보문동5가,서울특별시 성북구 보문동5가,11290
11290128,umd,보문동6가,서울특별시 성북구 보문동6가,11290
11290129,umd,보문동7가,서울특별시 성북구 보문동7가,11290
11290130,umd,보문동1가,서울특별시 성북구 보문동1가,11290
11290131,umd,보문동2가,서울특별시 성북구 보문동2가,11290
11290132,umd,보문동3가,서울특별시 성북구 보문동3가,11290
11290133,umd,정릉동,서울특별시 성북구 정릉동,11290
11290134,umd,길음동,서울특별시 성북구 길음동,11290
11290135,umd,종암동,서울특별시 성북구 종암동,11290
11290136,umd,하월곡동,서울특별시 성북구 하월곡동,11290
11290137,umd,상월곡동,서울특별시 성북구 상월곡동,11290
11290138,umd,장위동,서울특별시 성북구 장위동,11290
11290139,umd,석관동,서울특별시 성북구 석관동,11290
11305101,umd,미아동,서울특별시 강북구 미아동,11305
11305102,umd,번동,서울특별시 강북구 번동,11305
11305103,umd,수유동,서울특별시 강북구 수유동,11305
11305104,umd,우이동,서울특별시 강북구 우이동,11305
11320105,umd,쌍문동,서울특별시 도봉구 쌍문동,11320
11320106,umd,방학동,서울특별시 도봉구 방학동,11320
11320107,umd,창동,서울특별시 도봉구 창동,11320
11320108,umd,도봉동,서울특별시 도봉구 도봉동,11320
11350102,umd,월계동,서울특별시 노원구 월계동,11350
11350103,umd,공릉동,서울특별시 노원구 공릉동,11350
11350104,umd,하계동,서울특별시 노원구 하계동,11350
11350105,umd,상계동,서울특별시 노원구 상계동,11350
11350106,umd,중계동,서울특별시 노원구 중계동,11350
11380101,umd,수색동,서울특별시 은평구 수색동,11380
11380102,umd,녹번동,서울특별시 은평구 녹번동,11380
11380103,umd,불광동,서울특별시 은평구 불광동,11380
11380104,umd,갈현동,서울특별시 은평구 갈현동,11380
11380105,umd,구산동,서울특별시 은평구 구산동,11380
11380106,umd,대조동,서울특별시 은평구 대조동,11380
11380107,umd,응암동,서울특별시 은평구 응암동,11380
11380108,umd,역촌동,서울특별시 은평구 역촌동,11380
11380109,umd,신사동,서울특별시 은평구 신사동,11380
11380110,umd,증산동,서울특별시 은평구 증산동,11380
11380114,umd,진관동,서울특별시 은평구 진관동,11380
11410101,umd,충정로2가,서울특별시 서대문구 충정로2가,11410
11410102,umd,충정로3가,서울특별시 서대문구 충정로3가,11410
11410103,umd,합동,서울특별시 서대문구 합동,11410
11410104,umd,미근동,서울특별시 서대문구 미근동,11410
11410105,umd,냉천동,서울특별시 서대문구 냉천동,11410
11410106,umd,천연동,서울특별시 서대문구 천연동,11410
11410107,umd,옥천동,서울특별시 서대문구 옥천동,11410
11410108,umd,영천동,서울특별시 서대문구 영천동,11410
11410109,umd,현저동,서울특별시 서대문구 현저동,11410
11410110,umd,북아현동,서울특별시 서대문구 북아현동,11410
11410111,umd,홍제동,서울특별시 서대문구 홍제동,11410
11410112,umd,대현동,서울특별시 서대문구 대현동,11410
11410113,umd,대신동,서울특별시 서대문구 대신동,11410
11410114,umd,신촌동,서울특별시 서대문구 신촌동,11410
11410115,umd,봉원동,서울특별시 서대문구 봉원동,11410
11410116,umd,창천동,서울특별시 서대문구 창천동,11410
11410117,umd,연희동,서울특별시 서대문구 연희동,11410
11410118,umd,홍은동,서울특별시 서대문구 홍은동,11410
11410119,umd,북가좌동,서울특별시 서대문구 북가좌동,11410
11410120,umd,남가좌동,서울특별시 서대문구 남가좌동,11410
11440101,umd,아현동,서울특별시 마포구 아현동,11440
11440102,umd,공덕동,서울특별시 마포구 공덕동,11440
11440103,umd,신공덕동,서울특별시 마포구 신공덕동,11440
11440104,umd,도화동,서울특별시 마포구 도화동,11440
11440105,umd,용강동,서울특별시 마포구 용강동,11440
11440106,umd,토정동,서울특별시 마포구 토정동,11440
11440107,umd,마포동,서울특별시 마포구 마포동,11440
11440108,umd,대흥동,서울특별시 마포구 대흥동,11440
11440109,umd,염리동,서울특별시 마포구 염리동,11440
11440110,umd,노고산동,서울특별시 마포구 노고산동,11440
11440111,umd,신수동,서울특별시 마포구 신수동,11440
11440112,umd,현석동,서울특별시 마포구 현석동,11440
11440113,umd,구수동,서울특별시 마포구 구수동,11440
11440114,umd,창전동,서울특별시 마포구 창전동,11440
11440115,umd,상수동,서울특별시 마포구 상수동,11440
11440116,umd,하중동,서울특별시 마포구 하중동,11440
11440117,umd,신정동,서울특별시 마포구 신정동,11440
11440118,umd,당인동,서울특별시 마포구 당인동,11440
11440120,umd,서교동,서울특별시 마포구 서교동,11440
11440121,umd,동교동,서울특별시 마포구 동교동,11440
11440122,umd,합정동,서울특별시 마포구 합정동,11440
11440123,umd,망원동,서울특별시 마포구 망원동,11440
11440124,umd,연남동,서울특별시 마포구 연남동,11440
11440125,umd,성산동,서울특별시 마포구 성산동,11440
11440126,umd,중동,서울특별시 마포구 중동,11440
11440127,umd,상암동,서울특별시 마포구 상암동,11440
11470101,umd,신정동,서울특별시 양천구 신정동,11470
11470102,umd,목동,서울특별시 양천구 목동,11470
11470103,umd,신월동,서울특별시 양천구 신월동,11470
11500101,umd,염창동,서울특별시 강서구 염창동,11500
11500102,umd,등촌동,서울특별시 강서구 등촌동,11500
11500103,umd,화곡동,서울특별시 강서구 화곡동,11500
11500104,umd,가양동,서울특별시 강서구 가양동,11500
11500105,umd,마곡동,서울특별시 강서구 마곡동,11500
11500106,umd,내발산동,서울특별시 강서구 내발산동,11500
11500107,umd,외발산동,서울특별시 강서구 외발산동,11500
11500108,umd,공항동,서울특별시 강서구 공항동,11500
11500109,umd,방화동,서울특별시 강서구 방화동,11500
11500110,umd,개화동,서울특별시 강서구 개화동,11500
11500111,umd,과해동,서울특별시 강서구 과해동,11500
11500112,umd,오곡동,서울특별시 강서구 오곡동,11500
11500113,umd,오쇠동,서울특별시 강서구 오쇠동,11500
11530101,umd,신도림동,서울특별시 구로구 신도림동,11530
11530102,umd,구로동,서울특별시 구로구 구로동,11530
11530103,umd,가리봉동,서울특별시 구로구 가리봉동,11530
11530106,umd,고척동,서울특별시 구로구 고척동,11530
11530107,umd,개봉동,서울특별시 구로구 개봉동,11530
11530108,umd,오류동,서울특별시 구로구 오류동,11530
11530109,umd,궁동,서울특별시 구로구 궁동,11530
11530110,umd,온수동,서울특별시 구로구 온수동,11530
11530111,umd,천왕동,서울특별시 구로구 천왕동,11530
11530112,umd,항동,서울특별시 구로구 항동,11530
11545101,umd,가산동,서울특별시 금천구 가산동,11545
11545102,umd,독산동,서울특별시 금천구 독산동,11545
11545103,umd,시흥동,서울특별시 금천구 시흥동,11545
11560101,umd,영등포동,서울특별시 영등포구 영등포동,11560
11560102,umd,영등포동1가,서울특별시 영등포구 영등포동1가,11560
11560103,umd,영등포동2가,서울특별시 영등포구 영등포동2가,11560
11560104,umd,영등포동3가,서울특별시 영등포구 영등포동3가,11560
11560105,umd,영등포동4가,서울특별시 영등포구 영등포동4가,11560
11560106,umd,영등포동5가,서울특별시 영등포구 영등포동5가,11560
11560107,umd,영등포동6가,서울특별시 영등포구 영등포동6가,11560
11560108,umd,영등포동7가,서울특별시 영등포구 영등포동7가,11560
11560109,umd,영등포동8가,서울특별시 영등포구 영등포동8가,11560
11560110,umd,여의도동,서울특별시 영등포구 여의도동,11560
11560111,umd,당산동1가,서울특별시 영등포구 당산동1가,11560
11560112,umd,당산동2가,서울특별시 영등포구 당산동2가,11560
11560113,umd,당산동3가,서울특별시 영등포구 당산동3가,11560
11560114,umd,당산동4가,서울특별시 영등포구 당산동4가,11560
11560115,umd,당산동5가,서울특별시 영등포구 당산동5가,11560
11560116,umd,당산동6가,서울특별시 영등포구 당산동6가,11560
11560117,umd,당산동,서울특별시 영등포구 당산동,11560
11560118,umd,도림동,서울특별시 영등포구 도림동,11560
11560119,umd,문래동1가,서울특별시 영등포구 문래동1가,11560
11560120,umd,문래동2가,서울특별시 영등포구 문래동2가,11560
11560121,umd,문래동3가,서울특별시 영등포구 문래동3가,11560
11560122,umd,문래동4가,서울특별시 영등포구 문래동4가,11560
11560123,umd,문래동5가,서울특별시 영등포구 문래동5가,11560
11560124,umd,문래동6가,서울특별시 영등포구 문래동6가,11560
11560125,umd,양평동1가,서울특별시 영등포구 양평동1가,11560
11560126,umd,양평동2가,서울특별시 영등포구 양평동2가,11560
11560127,umd,양평동3가,서울특별시 영등포구 양평동3가,11560
11560128,umd,양평동4가,서울특별시 영등포구 양평동4가,11560
11560129,umd,양평동5가,서울특별시 영등포구 양평동5가,11560
11560130,umd,양평동6가,서울특별시 영등포구 양평동6가,11560
11560131,umd,양화동,서울특별시 영등포구 양화동,11560
11560132,umd,신길동,서울특별시 영등포구 신길동,11560
11560133,umd,대림동,서울특별시 영등포구 대림동,11560
11560134,umd,양평동,서울특별시 영등포구 양평동,11560
11590101,umd,노량진동,서울특별시 동작구 노량진동,11590
11590102,umd,상도동,서울특별시 동작구 상도동,11590
11590103,umd,상도1동,서울특별시 동작구 상도1동,11590
11590104,umd,본동,서울특별시 동작구 본동,11590
11590105,umd,흑석동,서울특별시 동작구 흑석동,11590
11590106,umd,동작동,서울특별시 동작구 동작동,11590
11590107,umd,사당동,서울특별시 동작구 사당동,11590
11590108,umd,대방동,서울특별시 동작구 대방동,11590
11590109,umd,신대방동,서울특별시 동작구 신대방동,11590
11620101,umd,봉천동,서울특별시 관악구 봉천동,11620
11620102,umd,신림동,서울특별시 관악구 신림동,11620
11620103,umd,남현동,서울특별시 관악구 남현동,11620
11650101,umd,방배동,서울특별시 서초구 방배동,11650
11650102,umd,양재동,서울특별시 서초구 양재동,11650
11650103,umd,우면동,서울특별시 서초구 우면동,11650
11650104,umd,원지동,서울특별시 서초구 원지동,11650
11650106,umd,잠원동,서울특별시 서초구 잠원동,11650
11650107,umd,반포동,서울특별시 서초구 반포동,11650
11650108,umd,서초동,서울특별시 서초구 서초동,11650
11650109,umd,내곡동,서울특별시 서초구 내곡동,11650
11650110,umd,염곡동,서울특별시 서초구 염곡동,11650
11650111,umd,신원동,서울특별시 서초구 신원동,11650
11680101,umd,역삼동,서울특별시 강남구 역삼동,11680
11680103,umd,개포동,서울특별시 강남구 개포동,11680
11680104,umd,청담동,서울특별시 강남구 청담동,11680
11680105,umd,삼성동,서울특별시 강남구 삼성동,11680
11680106,umd,대치동,서울특별시 강남구 대치동,11680
11680107,umd,신사동,서울특별시 강남구 신사동,11680
11680108,umd,논현동,서울특별시 강남구 논현동,11680
11680110,umd,압구정동,서울특별시 강남구 압구정동,11680
11680111,umd,세곡동,서울특별시 강남구 세곡동,11680
11680112,umd,자곡동,서울특별시 강남구 자곡동,11680
11680113,umd,율현동,서울특별시 강남구 율현동,11680
11680114,umd,일원동,서울특별시 강남구 일원동,11680
11680115,umd,수서동,서울특별시 강남구 수서동,11680
11680118,umd,도곡동,서울특별시 강남구 도곡동,11680
11710101,umd,잠실동,서울특별시 송파구 잠실동,11710
11710102,umd,신천동,서울특별시 송파구 신천동,11710
11710103,umd,풍납동,서울특별시 송파구 풍납동,11710
11710104,umd,송파동,서울특별시 송파구 송파동,11710
11710105,umd,석촌동,서울특별시 송파구 석촌동,11710
11710106,umd,삼전동,서울특별시 송파구 삼전동,11710
11710107,umd,가락동,서울특별시 송파구 가락동,11710
11710108,umd,문정동,서울특별시 송파구 문정동,11710
11710109,umd,장지동,서울특별시 송파구 장지동,11710
11710111,umd,방이동,서울특별시 송파구 방이동,11710
11710112,umd,오금동,서울특별시 송파구 오금동,11710
11710113,umd,거여동,서울특별시 송파구 거여동,11710
11710114,umd,마천동,서울특별시 송파구 마천동,11710
11740101,umd,명일동,서울특별시 강동구 명일동,11740
11740102,umd,고덕동,서울특별시 강동구 고덕동,11740
11740103,umd,상일동,서울특별시 강동구 상일동,11740
11740105,umd,길동,서울특별시 강동구 길동,11740
11740106,umd,둔촌동,서울특별시 강동구 둔촌동,11740
11740107,umd,암사동,서울특별시 강동구 암사동,11740
11740108,umd,성내동,서울특별시 강동구 성내동,11740
11740109,umd,천호동,서울특별시 강동구 천호동,11740
11740110,umd,강일동,서울특별시 강동구 강일동,11740
12110101,umd,용당동,전남광주통합특별시 목포시 용당동,12110
12110102,umd,산정동,전남광주통합특별시 목포시 산정동,12110
12110103,umd,연산동,전남광주통합특별시 목포시 연산동,12110
12110104,umd,대성동,전남광주통합특별시 목포시 대성동,12110
12110105,umd,양동,전남광주통합특별시 목포시 양동,12110
12110106,umd,북교동,전남광주통합특별시 목포시 북교동,12110
12110107,umd,남교동,전남광주통합특별시 목포시 남교동,12110
12110108,umd,호남동,전남광주통합특별시 목포시 호남동,12110
12110109,umd,대안동,전남광주통합특별시 목포시 대안동,12110
12110110,umd,창평동,전남광주통합특별시 목포시 창평동,12110
12110111,umd,명륜동,전남광주통합특별시 목포시 명륜동,12110
12110112,umd,죽동,전남광주통합특별시 목포시 죽동,12110
12110113,umd,무안동,전남광주통합특별시 목포시 무안동,12110
12110114,umd,측후동,전남광주통합특별시 목포시 측후동,12110
12110115,umd,상락동1가,전남광주통합특별시 목포시 상락동1가,12110
12110116,umd,상락동2가,전남광주통합특별시 목포시 상락동2가,12110
12110117,umd,복만동,전남광주통합특별시 목포시 복만동,12110
12110118,umd,동명동,전남광주통합특별시 목포시 동명동,12110
12110119,umd,광동1가,전남광주통합특별시 목포시 광동1가,12110
12110120,umd,광동2가,전남광주통합특별시 목포시 광동2가,12110
12110121,umd,광동3가,전남광주통합특별시 목포시 광동3가,12110
12110122,umd,영해동1가,전남광주통합특별시 목포시 영해동1가,12110
12110123,umd,영해동2가,전남광주통합특별시 목포시 영해동2가,12110
12110124,umd,행복동1가,전남광주통합특별시 목포시 행복동1가,12110
12110125,umd,행복동2가,전남광주통합특별시 목포시 행복동2가,12110
12110126,umd,축복동1가,전남광주통합특별시 목포시 축복동1가,12110
12110127,umd,축복동2가,전남광주통합특별시 목포시 축복동2가,12110
12110128,umd,축복동3가,전남광주통합특별시 목포시 축복동3가,12110
12110129,umd,보광동1가,전남광주통합특별시 목포시 보광동1가,12110
12110130,umd,보광동2가,전남광주통합특별시 목포시 보광동2가,12110
12110131,umd,보광동3가,전남광주통합특별시 목포시 보광동3가,12110
12110132,umd,유달동,전남광주통합특별시 목포시 유달동,12110
12110133,umd,대의동1가,전남광주통합특별시 목포시 대의동1가,12110
12110134,umd,대의동2가,전남광주통합특별시 목포시 대의동2가,12110
12110135,umd,대의동3가,전남광주통합특별시 목포시 대의동3가,12110
12110136,umd,중앙동1가,전남광주통합특별시 목포시 중앙동1가,12110
12110137,umd,중앙동2가,전남광주통합특별시 목포시 중앙동2가,12110
12110138,umd,중앙동3가,전남광주통합특별시 목포시 중앙동3가,12110
12110139,umd,만호동,전남광주통합특별시 목포시 만호동,12110
12110140,umd,수강동1가,전남광주통합특별시 목포시 수강동1가,12110
12110141,umd,수강동2가,전남광주통합특별시 목포시 수강동2가,12110
12110142,umd,해안동1가,전남광주통합특별시 목포시 해안동1가,12110
12110143,umd,해안동2가,전남광주통합특별시 목포시 해안동2가,12110
12110144,umd,해안동3가,전남광주통합특별시 목포시 해안동3가,12110
12110145,umd,해안동4가,전남광주통합특별시 목포시 해안동4가,12110
12110146,umd,항동,전남광주통합특별시 목포시 항동,12110
12110147,umd,중동1가,전남광주통합특별시 목포시 중동1가,12110
12110148,umd,중동2가,전남광주통합특별시 목포시 중동2가,12110
12110149,umd,유동,전남광주통합특별시 목포시 유동,12110
12110150,umd,금동1가,전남광주통합특별시 목포시 금동1가,12110
12110151,umd,금동2가,전남광주통합특별시 목포시 금동2가,12110
12110152,umd,경동1가,전남광주통합특별시 목포시 경동1가,12110
12110153,umd,경동2가,전남광주통합특별시 목포시 경동2가,12110
12110154,umd,서산동,전남광주통합특별시 목포시 서산동,12110
12110155,umd,금화동,전남광주통합특별시 목포시 금화동,12110
12110156,umd,온금동,전남광주통합특별시 목포시 온금동,12110
12110157,umd,죽교동,전남광주통합특별시 목포시 죽교동,12110
12110158,umd,상동,전남광주통합특별시 목포시 상동,12110
12110159,umd,용해동,전남광주통합특별시 목포시 용해동,12110
12110160,umd,석현동,전남광주통합특별시 목포시 석현동,12110
12110161,umd,달동,전남광주통합특별시 목포시 달동,12110
12110162,umd,율도동,전남광주통합특별시 목포시 율도동,12110
12110163,umd,대양동,전남광주통합특별시 목포시 대양동,12110
12110164,umd,옥암동,전남광주통합특별시 목포시 옥암동,12110
12130101,umd,종화동,전남광주통합특별시 여수시 종화동,12130
12130102,umd,수정동,전남광주통합특별시 여수시 수정동,12130
12130103,umd,공화동,전남광주통합특별시 여수시 공화동,12130
12130104,umd,관문동,전남광주통합특별시 여수시 관문동,12130
12130105,umd,고소동,전남광주통합특별시 여수시 고소동,12130
12130106,umd,동산동,전남광주통합특별시 여수시 동산동,12130
12130107,umd,중앙동,전남광주통합특별시 여수시 중앙동,12130
12130108,umd,교동,전남광주통합특별시 여수시 교동,12130
12130109,umd,군자동,전남광주통합특별시 여수시 군자동,12130
12130110,umd,충무동,전남광주통합특별시 여수시 충무동,12130
12130111,umd,연등동,전남광주통합특별시 여수시 연등동,12130
12130112,umd,광무동,전남광주통합특별시 여수시 광무동,12130
12130113,umd,서교동,전남광주통합특별시 여수시 서교동,12130
12130114,umd,봉강동,전남광주통합특별시 여수시 봉강동,12130
12130115,umd,봉산동,전남광주통합특별시 여수시 봉산동,12130
12130116,umd,남산동,전남광주통합특별시 여수시 남산동,12130
12130117,umd,국동,전남광주통합특별시 여수시 국동,12130
12130118,umd,신월동,전남광주통합특별시 여수시 신월동,12130
12130119,umd,여서동,전남광주통합특별시 여수시 여서동,12130
12130120,umd,문수동,전남광주통합특별시 여수시 문수동,12130
12130121,umd,오림동,전남광주통합특별시 여수시 오림동,12130
12130122,umd,미평동,전남광주통합특별시 여수시 미평동,12130
12130123,umd,둔덕동,전남광주통합특별시 여수시 둔덕동,12130
12130124,umd,오천동,전남광주통합특별시 여수시 오천동,12130
12130125,umd,만흥동,전남광주통합특별시 여수시 만흥동,12130
12130126,umd,덕충동,전남광주통합특별시 여수시 덕충동,12130
12130127,umd,경호동,전남광주통합특별시 여수시 경호동,12130
12130128,umd,학동,전남광주통합특별시 여수시 학동,12130
12130129,umd,학용동,전남광주통합특별시 여수시 학용동,12130
12130130,umd,안산동,전남광주통합특별시 여수시 안산동,12130
12130131,umd,소호동,전남광주통합특별시 여수시 소호동,12130
12130132,umd,시전동,전남광주통합특별시 여수시 시전동,12130
12130133,umd,신기동,전남광주통합특별시 여수시 신기동,12130
12130134,umd,웅천동,전남광주통합특별시 여수시 웅천동,12130
12130135,umd,선원동,전남광주통합특별시 여수시 선원동,12130
12130136,umd,여천동,전남광주통합특별시 여수시 여천동,12130
12130137,umd,화장동,전남광주통합특별시 여수시 화장동,12130
12130138,umd,주삼동,전남광주통합특별시 여수시 주삼동,12130
12130139,umd,봉계동,전남광주통합특별시 여수시 봉계동,12130
12130140,umd,해산동,전남광주통합특별시 여수시 해산동,12130
12130141,umd,화치동,전남광주통합특별시 여수시 화치동,12130
12130142,umd,월하동,전남광주통합특별시 여수시 월하동,12130
12130143,umd,평여동,전남광주통합특별시 여수시 평여동,12130
12130144,umd,중흥동,전남광주통합특별시 여수시 중흥동,12130
12130145,umd,적량동,전남광주통합특별시 여수시 적량동,12130
12130146,umd,월내동,전남광주통합특별시 여수시 월내동,12130
12130147,umd,묘도동,전남광주통합특별시 여수시 묘도동,12130
12130148,umd,낙포동,전남광주통합특별시 여수시 낙포동,12130
12130149,umd,신덕동,전남광주통합특별시 여수시 신덕동,12130
12130150,umd,상암동,전남광주통합특별시 여수시 상암동,12130
12130151,umd,호명동,전남광주통합특별시 여수시 호명동,12130
12130250,umd,돌산읍,전남광주통합특별시 여수시 돌산읍,12130
12130310,umd,소라면,전남광주통합특별시 여수시 소라면,12130
12130320,umd,율촌면,전남광주통합특별시 여수시 율촌면,12130
12130330,umd,화양면,전남광주통합특별시 여수시 화양면,12130
12130340,umd,남면,전남광주통합특별시 여수시 남면,12130
12130350,umd,화정면,전남광주통합특별시 여수시 화정면,12130
12130360,umd,삼산면,전남광주통합특별시 여수시 삼산면,12130
12150101,umd,삼거동,전남광주통합특별시 순천시 삼거동,12150
12150102,umd,와룡동,전남광주통합특별시 순천시 와룡동,12150
12150103,umd,영동,전남광주통합특별시 순천시 영동,12150
12150104,umd,옥천동,전남광주통합특별시 순천시 옥천동,12150
12150105,umd,행동,전남광주통합특별시 순천시 행동,12150
12150106,umd,금곡동,전남광주통합특별시 순천시 금곡동,12150
12150107,umd,매곡동,전남광주통합특별시 순천시 매곡동,12150
12150108,umd,석현동,전남광주통합특별시 순천시 석현동,12150
12150109,umd,가곡동,전남광주통합특별시 순천시 가곡동,12150
12150110,umd,용당동,전남광주통합특별시 순천시 용당동,12150
12150111,umd,조곡동,전남광주통합특별시 순천시 조곡동,12150
12150112,umd,생목동,전남광주통합특별시 순천시 생목동,12150
12150113,umd,덕암동,전남광주통합특별시 순천시 덕암동,12150
12150114,umd,연향동,전남광주통합특별시 순천시 연향동,12150
12150115,umd,풍덕동,전남광주통합특별시 순천시 풍덕동,12150
12150116,umd,남정동,전남광주통합특별시 순천시 남정동,12150
12150117,umd,인제동,전남광주통합특별시 순천시 인제동,12150
12150118,umd,저전동,전남광주통합특별시 순천시 저전동,12150
12150119,umd,장천동,전남광주통합특별시 순천시 장천동,12150
12150120,umd,남내동,전남광주통합특별시 순천시 남내동,12150
12150121,umd,중앙동,전남광주통합특별시 순천시 중앙동,12150
12150122,umd,동외동,전남광주통합특별시 순천시 동외동,12150
12150123,umd,교량동,전남광주통합특별시 순천시 교량동,12150
12150124,umd,대룡동,전남광주통합특별시 순천시 대룡동,12150
12150125,umd,홍내동,전남광주통합특별시 순천시 홍내동,12150
12150126,umd,오천동,전남광주통합특별시 순천시 오천동,12150
12150127,umd,덕월동,전남광주통합특별시 순천시 덕월동,12150
12150128,umd,야흥동,전남광주통합특별시 순천시 야흥동,12150
12150129,umd,인월동,전남광주통합특별시 순천시 인월동,12150
12150130,umd,안풍동,전남광주통합특별시 순천시 안풍동,12150
12150131,umd,대대동,전남광주통합특별시 순천시 대대동,12150
12150132,umd,왕지동,전남광주통합특별시 순천시 왕지동,12150
12150133,umd,조례동,전남광주통합특별시 순천시 조례동,12150
12150250,umd,승주읍,전남광주통합특별시 순천시 승주읍,12150
12150310,umd,해룡면,전남광주통합특별시 순천시 해룡면,12150
12150320,umd,서면,전남광주통합특별시 순천시 서면,12150
12150330,umd,황전면,전남광주통합특별시 순천시 황전면,12150
12150340,umd,월등면,전남광주통합특별시 순천시 월등면,12150
12150350,umd,주암면,전남광주통합특별시 순천시 주암면,12150
12150360,umd,송광면,전남광주통합특별시 순천시 송광면,12150
12150370,umd,외서면,전남광주통합특별시 순천시 외서면,12150
12150380,umd,낙안면,전남광주통합특별시 순천시 낙안면,12150
12150390,umd,별량면,전남광주통합특별시 순천시 별량면,12150
12150400,umd,상사면,전남광주통합특별시 순천시 상사면,12150
12170101,umd,토계동,전남광주통합특별시 나주시 토계동,12170
12170102,umd,송월동,전남광주통합특별시 나주시 송월동,12170
12170103,umd,안창동,전남광주통합특별시 나주시 안창동,12170
12170104,umd,삼영동,전남광주통합특별시 나주시 삼영동,12170
12170105,umd,교동,전남광주통합특별시 나주시 교동,12170
12170106,umd,서내동,전남광주통합특별시 나주시 서내동,12170
12170107,umd,산정동,전남광주통합특별시 나주시 산정동,12170
12170108,umd,경현동,전남광주통합특별시 나주시 경현동,12170
12170109,umd,보산동,전남광주통합특별시 나주시 보산동,12170
12170110,umd,금계동,전남광주통합특별시 나주시 금계동,12170
12170111,umd,금성동,전남광주통합특별시 나주시 금성동,12170
12170112,umd,남내동,전남광주통합특별시 나주시 남내동,12170
12170113,umd,과원동,전남광주통합특별시 나주시 과원동,12170
12170114,umd,성북동,전남광주통합특별시 나주시 성북동,12170
12170115,umd,중앙동,전남광주통합특별시 나주시 중앙동,12170
12170116,umd,대호동,전남광주통합특별시 나주시 대호동,12170
12170117,umd,송촌동,전남광주통합특별시 나주시 송촌동,12170
12170118,umd,석현동,전남광주통합특별시 나주시 석현동,12170
12170119,umd,청동,전남광주통합특별시 나주시 청동,12170
12170120,umd,남외동,전남광주통합특별시 나주시 남외동,12170
12170121,umd,죽림동,전남광주통합특별시 나주시 죽림동,12170
12170122,umd,삼도동,전남광주통합특별시 나주시 삼도동,12170
12170123,umd,영산동,전남광주통합특별시 나주시 영산동,12170
12170124,umd,용산동,전남광주통합특별시 나주시 용산동,12170
12170125,umd,관정동,전남광주통합특별시 나주시 관정동,12170
12170126,umd,평산동,전남광주통합특별시 나주시 평산동,12170
12170127,umd,부덕동,전남광주통합특별시 나주시 부덕동,12170
12170128,umd,이창동,전남광주통합특별시 나주시 이창동,12170
12170129,umd,대기동,전남광주통합특별시 나주시 대기동,12170
12170130,umd,운곡동,전남광주통합특별시 나주시 운곡동,12170
12170131,umd,동수동,전남광주통합특별시 나주시 동수동,12170
12170132,umd,오량동,전남광주통합특별시 나주시 오량동,12170
12170133,umd,진포동,전남광주통합특별시 나주시 진포동,12170
12170134,umd,빛가람동,전남광주통합특별시 나주시 빛가람동,12170
12170250,umd,남평읍,전남광주통합특별시 나주시 남평읍,12170
12170310,umd,세지면,전남광주통합특별시 나주시 세지면,12170
12170320,umd,왕곡면,전남광주통합특별시 나주시 왕곡면,12170
12170330,umd,반남면,전남광주통합특별시 나주시 반남면,12170
12170340,umd,공산면,전남광주통합특별시 나주시 공산면,12170
12170350,umd,동강면,전남광주통합특별시 나주시 동강면,12170
12170360,umd,다시면,전남광주통합특별시 나주시 다시면,12170
12170370,umd,문평면,전남광주통합특별시 나주시 문평면,12170
12170380,umd,노안면,전남광주통합특별시 나주시 노안면,12170
12170390,umd,금천면,전남광주통합특별시 나주시 금천면,12170
12170400,umd,산포면,전남광주통합특별시 나주시 산포면,12170
12170420,umd,다도면,전남광주통합특별시 나주시 다도면,12170
12170430,umd,봉황면,전남광주통합특별시 나주시 봉황면,12170
12190101,umd,황금동,전남광주통합특별시 광양시 황금동,12190
12190102,umd,황길동,전남광주통합특별시 광양시 황길동,12190
12190103,umd,도이동,전남광주통합특별시 광양시 도이동,12190
12190104,umd,성황동,전남광주통합특별시 광양시 성황동,12190
12190105,umd,중군동,전남광주통합특별시 광양시 중군동,12190
12190106,umd,중동,전남광주통합특별시 광양시 중동,12190
12190107,umd,마동,전남광주통합특별시 광양시 마동,12190
12190108,umd,광영동,전남광주통합특별시 광양시 광영동,12190
12190109,umd,태인동,전남광주통합특별시 광양시 태인동,12190
12190110,umd,금호동,전남광주통합특별시 광양시 금호동,12190
12190250,umd,광양읍,전남광주통합특별시 광양시 광양읍,12190
12190310,umd,봉강면,전남광주통합특별시 광양시 봉강면,12190
12190320,umd,옥룡면,전남광주통합특별시 광양시 옥룡면,12190
12190330,umd,옥곡면,전남광주통합특별시 광양시 옥곡면,12190
12190340,umd,진상면,전남광주통합특별시 광양시 진상면,12190
12190350,umd,진월면,전남광주통합특별시 광양시 진월면,12190
12190360,umd,다압면,전남광주통합특별시 광양시 다압면,12190
12210101,umd,대인동,전남광주통합특별시 광주 동구 대인동,12210
12210102,umd,금남로5가,전남광주통합특별시 광주 동구 금남로5가,12210
12210103,umd,충장로5가,전남광주통합특별시 광주 동구 충장로5가,12210
12210104,umd,수기동,전남광주통합특별시 광주 동구 수기동,12210
12210105,umd,대의동,전남광주통합특별시 광주 동구 대의동,12210
12210106,umd,궁동,전남광주통합특별시 광주 동구 궁동,12210
12210107,umd,장동,전남광주통합특별시 광주 동구 장동,12210
12210108,umd,동명동,전남광주통합특별시 광주 동구 동명동,12210
12210109,umd,계림동,전남광주통합특별시 광주 동구 계림동,12210
12210110,umd,산수동,전남광주통합특별시 광주 동구 산수동,12210
12210111,umd,지산동,전남광주통합특별시 광주 동구 지산동,12210
12210112,umd,남동,전남광주통합특별시 광주 동구 남동,12210
12210113,umd,광산동,전남광주통합특별시 광주 동구 광산동,12210
12210114,umd,금동,전남광주통합특별시 광주 동구 금동,12210
12210115,umd,호남동,전남광주통합특별시 광주 동구 호남동,12210
12210116,umd,불로동,전남광주통합특별시 광주 동구 불로동,12210
12210117,umd,황금동,전남광주통합특별시 광주 동구 황금동,12210
12210118,umd,서석동,전남광주통합특별시 광주 동구 서석동,12210
12210119,umd,소태동,전남광주통합특별시 광주 동구 소태동,12210
12210120,umd,용연동,전남광주통합특별시 광주 동구 용연동,12210
12210121,umd,운림동,전남광주통합특별시 광주 동구 운림동,12210
12210122,umd,학동,전남광주통합특별시 광주 동구 학동,12210
12210123,umd,월남동,전남광주통합특별시 광주 동구 월남동,12210
12210124,umd,선교동,전남광주통합특별시 광주 동구 선교동,12210
12210125,umd,내남동,전남광주통합특별시 광주 동구 내남동,12210
12210126,umd,용산동,전남광주통합특별시 광주 동구 용산동,12210
12210127,umd,충장로1가,전남광주통합특별시 광주 동구 충장로1가,12210
12210128,umd,충장로2가,전남광주통합특별시 광주 동구 충장로2가,12210
12210129,umd,충장로3가,전남광주통합특별시 광주 동구 충장로3가,12210
12210130,umd,충장로4가,전남광주통합특별시 광주 동구 충장로4가,12210
12210131,umd,금남로1가,전남광주통합특별시 광주 동구 금남로1가,12210
12210132,umd,금남로2가,전남광주통합특별시 광주 동구 금남로2가,12210
12210133,umd,금남로3가,전남광주통합특별시 광주 동구 금남로3가,12210
12210134,umd,금남로4가,전남광주통합특별시 광주 동구 금남로4가,12210
12240104,umd,양동,전남광주통합특별시 광주 서구 양동,12240
12240106,umd,농성동,전남광주통합특별시 광주 서구 농성동,12240
12240115,umd,광천동,전남광주통합특별시 광주 서구 광천동,12240
12240116,umd,유촌동,전남광주통합특별시 광주 서구 유촌동,12240
12240117,umd,덕흥동,전남광주통합특별시 광주 서구 덕흥동,12240
12240118,umd,쌍촌동,전남광주통합특별시 광주 서구 쌍촌동,12240
12240119,umd,화정동,전남광주통합특별시 광주 서구 화정동,12240
12240120,umd,치평동,전남광주통합특별시 광주 서구 치평동,12240
12240121,umd,내방동,전남광주통합특별시 광주 서구 내방동,12240
12240125,umd,서창동,전남광주통합특별시 광주 서구 서창동,12240
12240126,umd,세하동,전남광주통합특별시 광주 서구 세하동,12240
12240127,umd,용두동,전남광주통합특별시 광주 서구 용두동,12240
12240128,umd,풍암동,전남광주통합특별시 광주 서구 풍암동,12240
12240129,umd,벽진동,전남광주통합특별시 광주 서구 벽진동,12240
12240130,umd,금호동,전남광주통합특별시 광주 서구 금호동,12240
12240131,umd,마륵동,전남광주통합특별시 광주 서구 마륵동,12240
12240132,umd,매월동,전남광주통합특별시 광주 서구 매월동,12240
12240133,umd,동천동,전남광주통합특별시 광주 서구 동천동,12240
12270101,umd,사동,전남광주통합특별시 광주 남구 사동,12270
12270102,umd,구동,전남광주통합특별시 광주 남구 구동,12270
12270103,umd,서동,전남광주통합특별시 광주 남구 서동,12270
12270104,umd,월산동,전남광주통합특별시 광주 남구 월산동,12270
12270105,umd,백운동,전남광주통합특별시 광주 남구 백운동,12270
12270106,umd,주월동,전남광주통합특별시 광주 남구 주월동,12270
12270107,umd,노대동,전남광주통합특별시 광주 남구 노대동,12270
12270108,umd,진월동,전남광주통합특별시 광주 남구 진월동,12270
12270109,umd,덕남동,전남광주통합특별시 광주 남구 덕남동,12270
12270110,umd,행암동,전남광주통합특별시 광주 남구 행암동,12270
12270111,umd,임암동,전남광주통합특별시 광주 남구 임암동,12270
12270112,umd,송하동,전남광주통합특별시 광주 남구 송하동,12270
12270113,umd,양림동,전남광주통합특별시 광주 남구 양림동,12270
12270114,umd,방림동,전남광주통합특별시 광주 남구 방림동,12270
12270115,umd,봉선동,전남광주통합특별시 광주 남구 봉선동,12270
12270116,umd,구소동,전남광주통합특별시 광주 남구 구소동,12270
12270117,umd,양촌동,전남광주통합특별시 광주 남구 양촌동,12270
12270118,umd,도금동,전남광주통합특별시 광주 남구 도금동,12270
12270119,umd,승촌동,전남광주통합특별시 광주 남구 승촌동,12270
12270120,umd,지석동,전남광주통합특별시 광주 남구 지석동,12270
12270121,umd,압촌동,전남광주통합특별시 광주 남구 압촌동,12270
12270122,umd,화장동,전남광주통합특별시 광주 남구 화장동,12270
12270123,umd,칠석동,전남광주통합특별시 광주 남구 칠석동,12270
12270124,umd,석정동,전남광주통합특별시 광주 남구 석정동,12270
12270125,umd,신장동,전남광주통합특별시 광주 남구 신장동,12270
12270126,umd,양과동,전남광주통합특별시 광주 남구 양과동,12270
12270127,umd,이장동,전남광주통합특별시 광주 남구 이장동,12270
12270128,umd,대지동,전남광주통합특별시 광주 남구 대지동,12270
12270129,umd,원산동,전남광주통합특별시 광주 남구 원산동,12270
12270130,umd,월성동,전남광주통합특별시 광주 남구 월성동,12270
12300101,umd,중흥동,전남광주통합특별시 광주 북구 중흥동,12300
12300102,umd,유동,전남광주통합특별시 광주 북구 유동,12300
12300103,umd,누문동,전남광주통합특별시 광주 북구 누문동,12300
12300104,umd,북동,전남광주통합특별시 광주 북구 북동,12300
12300105,umd,임동,전남광주통합특별시 광주 북구 임동,12300
12300106,umd,신안동,전남광주통합특별시 광주 북구 신안동,12300
12300107,umd,용봉동,전남광주통합특별시 광주 북구 용봉동,12300
12300108,umd,동림동,전남광주통합특별시 광주 북구 동림동,12300
12300109,umd,운암동,전남광주통합특별시 광주 북구 운암동,12300
12300110,umd,우산동,전남광주통합특별시 광주 북구 우산동,12300
12300111,umd,풍향동,전남광주통합특별시 광주 북구 풍향동,12300
12300112,umd,문흥동,전남광주통합특별시 광주 북구 문흥동,12300
12300113,umd,각화동,전남광주통합특별시 광주 북구 각화동,12300
12300114,umd,두암동,전남광주통합특별시 광주 북구 두암동,12300
12300115,umd,오치동,전남광주통합특별시 광주 북구 오치동,12300
12300116,umd,삼각동,전남광주통합특별시 광주 북구 삼각동,12300
12300117,umd,매곡동,전남광주통합특별시 광주 북구 매곡동,12300
12300118,umd,충효동,전남광주통합특별시 광주 북구 충효동,12300
12300119,umd,덕의동,전남광주통합특별시 광주 북구 덕의동,12300
12300120,umd,금곡동,전남광주통합특별시 광주 북구 금곡동,12300
12300121,umd,망월동,전남광주통합특별시 광주 북구 망월동,12300
12300122,umd,청풍동,전남광주통합특별시 광주 북구 청풍동,12300
12300123,umd,화암동,전남광주통합특별시 광주 북구 화암동,12300
12300124,umd,장등동,전남광주통합특별시 광주 북구 장등동,12300
12300125,umd,운정동,전남광주통합특별시 광주 북구 운정동,12300
12300126,umd,본촌동,전남광주통합특별시 광주 북구 본촌동,12300
12300127,umd,일곡동,전남광주통합특별시 광주 북구 일곡동,12300
12300128,umd,양산동,전남광주통합특별시 광주 북구 양산동,12300
12300129,umd,연제동,전남광주통합특별시 광주 북구 연제동,12300
12300130,umd,신용동,전남광주통합특별시 광주 북구 신용동,12300
12300131,umd,용두동,전남광주통합특별시 광주 북구 용두동,12300
12300132,umd,지야동,전남광주통합특별시 광주 북구 지야동,12300
12300133,umd,태령동,전남광주통합특별시 광주 북구 태령동,12300
12300134,umd,수곡동,전남광주통합특별시 광주 북구 수곡동,12300
12300135,umd,효령동,전남광주통합특별시 광주 북구 효령동,12300
12300136,umd,용전동,전남광주통합특별시 광주 북구 용전동,12300
12300137,umd,용강동,전남광주통합특별시 광주 북구 용강동,12300
12300138,umd,생용동,전남광주통합특별시 광주 북구 생용동,12300
12300139,umd,월출동,전남광주통합특별시 광주 북구 월출동,12300
12300140,umd,대촌동,전남광주통합특별시 광주 북구 대촌동,12300
12300141,umd,오룡동,전남광주통합특별시 광주 북구 오룡동,12300
12330101,umd,송정동,전남광주통합특별시 광주 광산구 송정동,12330
12330102,umd,도산동,전남광주통합특별시 광주 광산구 도산동,12330
12330103,umd,도호동,전남광주통합특별시 광주 광산구 도호동,12330
12330104,umd,신촌동,전남광주통합특별시 광주 광산구 신촌동,12330
12330105,umd,서봉동,전남광주통합특별시 광주 광산구 서봉동,12330
12330106,umd,운수동,전남광주통합특별시 광주 광산구 운수동,12330
12330107,umd,선암동,전남광주통합특별시 광주 광산구 선암동,12330
12330108,umd,소촌동,전남광주통합특별시 광주 광산구 소촌동,12330
12330109,umd,우산동,전남광주통합특별시 광주 광산구 우산동,12330
12330110,umd,황룡동,전남광주통합특별시 광주 광산구 황룡동,12330
12330111,umd,박호동,전남광주통합특별시 광주 광산구 박호동,12330
12330112,umd,비아동,전남광주통합특별시 광주 광산구 비아동,12330
12330113,umd,도천동,전남광주통합특별시 광주 광산구 도천동,12330
12330114,umd,수완동,전남광주통합특별시 광주 광산구 수완동,12330
12330115,umd,월계동,전남광주통합특별시 광주 광산구 월계동,12330
12330116,umd,쌍암동,전남광주통합특별시 광주 광산구 쌍암동,12330
12330117,umd,산월동,전남광주통합특별시 광주 광산구 산월동,12330
12330118,umd,신창동,전남광주통합특별시 광주 광산구 신창동,12330
12330119,umd,신가동,전남광주통합특별시 광주 광산구 신가동,12330
12330120,umd,운남동,전남광주통합특별시 광주 광산구 운남동,12330
12330121,umd,안청동,전남광주통합특별시 광주 광산구 안청동,12330
12330122,umd,진곡동,전남광주통합특별시 광주 광산구 진곡동,12330
12330123,umd,장덕동,전남광주통합특별시 광주 광산구 장덕동,12330
12330124,umd,흑석동,전남광주통합특별시 광주 광산구 흑석동,12330
12330125,umd,하남동,전남광주통합특별시 광주 광산구 하남동,12330
12330126,umd,장수동,전남광주통합특별시 광주 광산구 장수동,12330
12330127,umd,산정동,전남광주통합특별시 광주 광산구 산정동,12330
12330128,umd,월곡동,전남광주통합특별시 광주 광산구 월곡동,12330
12330129,umd,등임동,전남광주통합특별시 광주 광산구 등임동,12330
12330130,umd,산막동,전남광주통합특별시 광주 광산구 산막동,12330
12330131,umd,고룡동,전남광주통합특별시 광주 광산구 고룡동,12330
12330132,umd,신룡동,전남광주통합특별시 광주 광산구 신룡동,12330
12330133,umd,두정동,전남광주통합특별시 광주 광산구 두정동,12330
12330134,umd,임곡동,전남광주통합특별시 광주 광산구 임곡동,12330
12330135,umd,광산동,전남광주통합특별시 광주 광산구 광산동,12330
12330136,umd,오산동,전남광주통합특별시 광주 광산구 오산동,12330
12330137,umd,사호동,전남광주통합특별시 광주 광산구 사호동,12330
12330138,umd,하산동,전남광주통합특별시 광주 광산구 하산동,12330
12330139,umd,유계동,전남광주통합특별시 광주 광산구 유계동,12330
12330140,umd,본덕동,전남광주통합특별시 광주 광산구 본덕동,12330
12330141,umd,용봉동,전남광주통합특별시 광주 광산구 용봉동,12330
12330142,umd,요기동,전남광주통합특별시 광주 광산구 요기동,12330
12330143,umd,복룡동,전남광주통합특별시 광주 광산구 복룡동,12330
12330144,umd,송대동,전남광주통합특별시 광주 광산구 송대동,12330
12330145,umd,옥동,전남광주통합특별시 광주 광산구 옥동,12330
12330146,umd,월전동,전남광주통합특별시 광주 광산구 월전동,12330
12330147,umd,장록동,전남광주통합특별시 광주 광산구 장록동,12330
12330148,umd,송촌동,전남광주통합특별시 광주 광산구 송촌동,12330
12330149,umd,지죽동,전남광주통합특별시 광주 광산구 지죽동,12330
12330150,umd,용동,전남광주통합특별시 광주 광산구 용동,12330
12330151,umd,용곡동,전남광주통합특별시 광주 광산구 용곡동,12330
12330152,umd,지정동,전남광주통합특별시 광주 광산구 지정동,12330
12330153,umd,명화동,전남광주통합특별시 광주 광산구 명화동,12330
12330154,umd,동산동,전남광주통합특별시 광주 광산구 동산동,12330
12330155,umd,연산동,전남광주통합특별시 광주 광산구 연산동,12330
12330156,umd,도덕동,전남광주통합특별시 광주 광산구 도덕동,12330
12330157,umd,송산동,전남광주통합특별시 광주 광산구 송산동,12330
12330158,umd,지평동,전남광주통합특별시 광주 광산구 지평동,12330
12330159,umd,오운동,전남광주통합특별시 광주 광산구 오운동,12330
12330160,umd,삼거동,전남광주통합특별시 광주 광산구 삼거동,12330
12330161,umd,양동,전남광주통합특별시 광주 광산구 양동,12330
12330162,umd,내산동,전남광주통합특별시 광주 광산구 내산동,12330
12330163,umd,대산동,전남광주통합특별시 광주 광산구 대산동,12330
12330164,umd,송학동,전남광주통합특별시 광주 광산구 송학동,12330
12330165,umd,신동,전남광주통합특별시 광주 광산구 신동,12330
12330166,umd,삼도동,전남광주통합특별시 광주 광산구 삼도동,12330
12330167,umd,남산동,전남광주통합특별시 광주 광산구 남산동,12330
12330168,umd,송치동,전남광주통합특별시 광주 광산구 송치동,12330
12330169,umd,산수동,전남광주통합특별시 광주 광산구 산수동,12330
12330170,umd,선동,전남광주통합특별시 광주 광산구 선동,12330
12330171,umd,지산동,전남광주통합특별시 광주 광산구 지산동,12330
12330172,umd,왕동,전남광주통합특별시 광주 광산구 왕동,12330
12330173,umd,북산동,전남광주통합특별시 광주 광산구 북산동,12330
12330174,umd,명도동,전남광주통합특별시 광주 광산구 명도동,12330
12330175,umd,동호동,전남광주통합특별시 광주 광산구 동호동,12330
12330176,umd,덕림동,전남광주통합특별시 광주 광산구 덕림동,12330
12330177,umd,양산동,전남광주통합특별시 광주 광산구 양산동,12330
12330178,umd,동림동,전남광주통합특별시 광주 광산구 동림동,12330
12330202,umd,오선동,전남광주통합특별시 광주 광산구 오선동,12330
12710250,umd,담양읍,전남광주통합특별시 담양군 담양읍,12710
12710310,umd,봉산면,전남광주통합특별시 담양군 봉산면,12710
12710320,umd,고서면,전남광주통합특별시 담양군 고서면,12710
12710335,umd,가사문학면,전남광주통합특별시 담양군 가사문학면,12710
12710340,umd,창평면,전남광주통합특별시 담양군 창평면,12710
12710350,umd,대덕면,전남광주통합특별시 담양군 대덕면,12710
12710360,umd,무정면,전남광주통합특별시 담양군 무정면,12710
12710370,umd,금성면,전남광주통합특별시 담양군 금성면,12710
12710380,umd,용면,전남광주통합특별시 담양군 용면,12710
12710390,umd,월산면,전남광주통합특별시 담양군 월산면,12710
12710400,umd,수북면,전남광주통합특별시 담양군 수북면,12710
12710410,umd,대전면,전남광주통합특별시 담양군 대전면,12710
12720250,umd,곡성읍,전남광주통합특별시 곡성군 곡성읍,12720
12720310,umd,오곡면,전남광주통합특별시 곡성군 오곡면,12720
12720320,umd,삼기면,전남광주통합특별시 곡성군 삼기면,12720
12720330,umd,석곡면,전남광주통합특별시 곡성군 석곡면,12720
12720340,umd,목사동면,전남광주통합특별시 곡성군 목사동면,12720
12720350,umd,죽곡면,전남광주통합특별시 곡성군 죽곡면,12720
12720360,umd,고달면,전남광주통합특별시 곡성군 고달면,12720
12720370,umd,옥과면,전남광주통합특별시 곡성군 옥과면,12720
12720380,umd,입면,전남광주통합특별시 곡성군 입면,12720
12720390,umd,겸면,전남광주통합특별시 곡성군 겸면,12720
12720400,umd,오산면,전남광주통합특별시 곡성군 오산면,12720
12730250,umd,구례읍,전남광주통합특별시 구례군 구례읍,12730
12730310,umd,문척면,전남광주통합특별시 구례군 문척면,12730
12730320,umd,간전면,전남광주통합특별시 구례군 간전면,12730
12730330,umd,토지면,전남광주통합특별시 구례군 토지면,12730
12730340,umd,마산면,전남광주통합특별시 구례군 마산면,12730
12730350,umd,광의면,전남광주통합특별시 구례군 광의면,12730
12730360,umd,용방면,전남광주통합특별시 구례군 용방면,12730
12730370,umd,산동면,전남광주통합특별시 구례군 산동면,12730
12740250,umd,고흥읍,전남광주통합특별시 고흥군 고흥읍,12740
12740253,umd,도양읍,전남광주통합특별시 고흥군 도양읍,12740
12740310,umd,풍양면,전남광주통합특별시 고흥군 풍양면,12740
12740320,umd,도덕면,전남광주통합특별시 고흥군 도덕면,12740
12740330,umd,금산면,전남광주통합특별시 고흥군 금산면,12740
12740340,umd,도화면,전남광주통합특별시 고흥군 도화면,12740
12740350,umd,포두면,전남광주통합특별시 고흥군 포두면,12740
12740360,umd,봉래면,전남광주통합특별시 고흥군 봉래면,12740
12740370,umd,점암면,전남광주통합특별시 고흥군 점암면,12740
12740380,umd,과역면,전남광주통합특별시 고흥군 과역면,12740
12740390,umd,남양면,전남광주통합특별시 고흥군 남양면,12740
12740400,umd,동강면,전남광주통합특별시 고흥군 동강면,12740
12740410,umd,대서면,전남광주통합특별시 고흥군 대서면,12740
12740420,umd,두원면,전남광주통합특별시 고흥군 두원면,12740
12740440,umd,영남면,전남광주통합특별시 고흥군 영남면,12740
12740450,umd,동일면,전남광주통합특별시 고흥군 동일면,12740
12750250,umd,보성읍,전남광주통합특별시 보성군 보성읍,12750
12750253,umd,벌교읍,전남광주통합특별시 보성군 벌교읍,12750
12750310,umd,노동면,전남광주통합특별시 보성군 노동면,12750
12750320,umd,미력면,전남광주통합특별시 보성군 미력면,12750
12750330,umd,겸백면,전남광주통합특별시 보성군 겸백면,12750
12750340,umd,율어면,전남광주통합특별시 보성군 율어면,12750
12750350,umd,복내면,전남광주통합특별시 보성군 복내면,12750
12750360,umd,문덕면,전남광주통합특별시 보성군 문덕면,12750
12750370,umd,조성면,전남광주통합특별시 보성군 조성면,12750
12750380,umd,득량면,전남광주통합특별시 보성군 득량면,12750
12750390,umd,회천면,전남광주통합특별시 보성군 회천면,12750
12750400,umd,웅치면,전남광주통합특별시 보성군 웅치면,12750
12760250,umd,화순읍,전남광주통합특별시 화순군 화순읍,12760
12760310,umd,한천면,전남광주통합특별시 화순군 한천면,12760
12760320,umd,춘양면,전남광주통합특별시 화순군 춘양면,12760
12760330,umd,청풍면,전남광주통합특별시 화순군 청풍면,12760
12760340,umd,이양면,전남광주통합특별시 화순군 이양면,12760
12760350,umd,능주면,전남광주통합특별시 화순군 능주면,12760
12760360,umd,도곡면,전남광주통합특별시 화순군 도곡면,12760
12760370,umd,도암면,전남광주통합특별시 화순군 도암면,12760
12760380,umd,이서면,전남광주통합특별시 화순군 이서면,12760
12760395,umd,백아면,전남광주통합특별시 화순군 백아면,12760
12760400,umd,동복면,전남광주통합특별시 화순군 동복면,12760
12760415,umd,사평면,전남광주통합특별시 화순군 사평면,12760
12760420,umd,동면,전남광주통합특별시 화순군 동면,12760
12770250,umd,장흥읍,전남광주통합특별시 장흥군 장흥읍,12770
12770253,umd,관산읍,전남광주통합특별시 장흥군 관산읍,12770
12770256,umd,대덕읍,전남광주통합특별시 장흥군 대덕읍,12770
12770310,umd,용산면,전남광주통합특별시 장흥군 용산면,12770
12770320,umd,안양면,전남광주통합특별시 장흥군 안양면,12770
12770330,umd,장동면,전남광주통합특별시 장흥군 장동면,12770
12770340,umd,장평면,전남광주통합특별시 장흥군 장평면,12770
12770350,umd,유치면,전남광주통합특별시 장흥군 유치면,12770
12770360,umd,부산면,전남광주통합특별시 장흥군 부산면,12770
12770370,umd,회진면,전남광주통합특별시 장흥군 회진면,12770
12780250,umd,강진읍,전남광주통합특별시 강진군 강진읍,12780
12780310,umd,군동면,전남광주통합특별시 강진군 군동면,12780
12780320,umd,칠량면,전남광주통합특별시 강진군 칠량면,12780
12780330,umd,대구면,전남광주통합특별시 강진군 대구면,12780
12780340,umd,도암면,전남광주통합특별시 강진군 도암면,12780
12780350,umd,신전면,전남광주통합특별시 강진군 신전면,12780
12780360,umd,성전면,전남광주통합특별시 강진군 성전면,12780
12780370,umd,작천면,전남광주통합특별시 강진군 작천면,12780
12780380,umd,병영면,전남광주통합특별시 강진군 병영면,12780
12780390,umd,옴천면,전남광주통합특별시 강진군 옴천면,12780
12780400,umd,마량면,전남광주통합특별시 강진군 마량면,12780
12790250,umd,해남읍,전남광주통합특별시 해남군 해남읍,12790
12790310,umd,삼산면,전남광주통합특별시 해남군 삼산면,12790
12790320,umd,화산면,전남광주통합특별시 해남군 화산면,12790
12790330,umd,현산면,전남광주통합특별시 해남군 현산면,12790
12790340,umd,송지면,전남광주통합특별시 해남군 송지면,12790
12790350,umd,북평면,전남광주통합특별시 해남군 북평면,12790
12790360,umd,북일면,전남광주통합특별시 해남군 북일면,12790
12790370,umd,옥천면,전남광주통합특별시 해남군 옥천면,12790
12790380,umd,계곡면,전남광주통합특별시 해남군 계곡면,12790
12790390,umd,마산면,전남광주통합특별시 해남군 마산면,12790
12790400,umd,황산면,전남광주통합특별시 해남군 황산면,12790
12790410,umd,산이면,전남광주통합특별시 해남군 산이면,12790
12790420,umd,문내면,전남광주통합특별시 해남군 문내면,12790
12790430,umd,화원면,전남광주통합특별시 해남군 화원면,12790
12800250,umd,영암읍,전남광주통합특별시 영암군 영암읍,12800
12800253,umd,삼호읍,전남광주통합특별시 영암군 삼호읍,12800
12800310,umd,덕진면,전남광주통합특별시 영암군 덕진면,12800
12800320,umd,금정면,전남광주통합특별시 영암군 금정면,12800
12800330,umd,신북면,전남광주통합특별시 영암군 신북면,12800
12800340,umd,시종면,전남광주통합특별시 영암군 시종면,12800
12800350,umd,도포면,전남광주통합특별시 영암군 도포면,12800
12800360,umd,군서면,전남광주통합특별시 영암군 군서면,12800
12800370,umd,서호면,전남광주통합특별시 영암군 서호면,12800
12800380,umd,학산면,전남광주통합특별시 영암군 학산면,12800
12800390,umd,미암면,전남광주통합특별시 영암군 미암면,12800
12810250,umd,무안읍,전남광주통합특별시 무안군 무안읍,12810
12810253,umd,일로읍,전남광주통합특별시 무안군 일로읍,12810
12810256,umd,삼향읍,전남광주통합특별시 무안군 삼향읍,12810
12810320,umd,몽탄면,전남광주통합특별시 무안군 몽탄면,12810
12810330,umd,청계면,전남광주통합특별시 무안군 청계면,12810
12810340,umd,현경면,전남광주통합특별시 무안군 현경면,12810
12810350,umd,망운면,전남광주통합특별시 무안군 망운면,12810
12810360,umd,해제면,전남광주통합특별시 무안군 해제면,12810
12810370,umd,운남면,전남광주통합특별시 무안군 운남면,12810
12820250,umd,함평읍,전남광주통합특별시 함평군 함평읍,12820
12820310,umd,손불면,전남광주통합특별시 함평군 손불면,12820
12820320,umd,신광면,전남광주통합특별시 함평군 신광면,12820
12820330,umd,학교면,전남광주통합특별시 함평군 학교면,12820
12820340,umd,엄다면,전남광주통합특별시 함평군 엄다면,12820
12820350,umd,대동면,전남광주통합특별시 함평군 대동면,12820
12820360,umd,나산면,전남광주통합특별시 함평군 나산면,12820
12820370,umd,해보면,전남광주통합특별시 함평군 해보면,12820
12820380,umd,월야면,전남광주통합특별시 함평군 월야면,12820
12830250,umd,영광읍,전남광주통합특별시 영광군 영광읍,12830
12830253,umd,백수읍,전남광주통합특별시 영광군 백수읍,12830
12830256,umd,홍농읍,전남광주통합특별시 영광군 홍농읍,12830
12830310,umd,대마면,전남광주통합특별시 영광군 대마면,12830
12830320,umd,묘량면,전남광주통합특별시 영광군 묘량면,12830
12830330,umd,불갑면,전남광주통합특별시 영광군 불갑면,12830
12830340,umd,군서면,전남광주통합특별시 영광군 군서면,12830
12830350,umd,군남면,전남광주통합특별시 영광군 군남면,12830
12830360,umd,염산면,전남광주통합특별시 영광군 염산면,12830
12830370,umd,법성면,전남광주통합특별시 영광군 법성면,12830
12830380,umd,낙월면,전남광주통합특별시 영광군 낙월면,12830
12840250,umd,장성읍,전남광주통합특별시 장성군 장성읍,12840
12840310,umd,진원면,전남광주통합특별시 장성군 진원면,12840
12840320,umd,남면,전남광주통합특별시 장성군 남면,12840
12840330,umd,동화면,전남광주통합특별시 장성군 동화면,12840
12840340,umd,삼서면,전남광주통합특별시 장성군 삼서면,12840
12840350,umd,삼계면,전남광주통합특별시 장성군 삼계면,12840
12840360,umd,황룡면,전남광주통합특별시 장성군 황룡면,12840
12840370,umd,서삼면,전남광주통합특별시 장성군 서삼면,12840
12840380,umd,북일면,전남광주통합특별시 장성군 북일면,12840
12840390,umd,북이면,전남광주통합특별시 장성군 북이면,12840
12840400,umd,북하면,전남광주통합특별시 장성군 북하면,12840
12850250,umd,완도읍,전남광주통합특별시 완도군 완도읍,12850
12850253,umd,금일읍,전남광주통합특별시 완도군 금일읍,12850
12850256,umd,노화읍,전남광주통합특별시 완도군 노화읍,12850
12850310,umd,군외면,전남광주통합특별시 완도군 군외면,12850
12850320,umd,신지면,전남광주통합특별시 완도군 신지면,12850
12850330,umd,고금면,전남광주통합특별시 완도군 고금면,12850
12850340,umd,약산면,전남광주통합특별시 완도군 약산면,12850
12850350,umd,청산면,전남광주통합특별시 완도군 청산면,12850
12850360,umd,소안면,전남광주통합특별시 완도군 소안면,12850
12850370,umd,금당면,전남광주통합특별시 완도군 금당면,12850
12850380,umd,보길면,전남광주통합특별시 완도군 보길면,12850
12850390,umd,생일면,전남광주통합특별시 완도군 생일면,12850
12860250,umd,진도읍,전남광주통합특별시 진도군 진도읍,12860
12860310,umd,군내면,전남광주통합특별시 진도군 군내면,12860
12860320,umd,고군면,전남광주통합특별시 진도군 고군면,12860
12860330,umd,의신면,전남광주통합특별시 진도군 의신면,12860
12860340,umd,임회면,전남광주통합특별시 진도군 임회면,12860
12860350,umd,지산면,전남광주통합특별시 진도군 지산면,12860
12860360,umd,조도면,전남광주통합특별시 진도군 조도면,12860
12870250,umd,지도읍,전남광주통합특별시 신안군 지도읍,12870
12870253,umd,압해읍,전남광주통합특별시 신안군 압해읍,12870
12870310,umd,증도면,전남광주통합특별시 신안군 증도면,12870
12870320,umd,임자면,전남광주통합특별시 신안군 임자면,12870
12870330,umd,자은면,전남광주통합특별시 신안군 자은면,12870
12870340,umd,비금면,전남광주통합특별시 신안군 비금면,12870
12870350,umd,도초면,전남광주통합특별시 신안군 도초면,12870
12870360,umd,흑산면,전남광주통합특별시 신안군 흑산면,12870
12870370,umd,하의면,전남광주통합특별시 신안군 하의면,12870
12870380,umd,신의면,전남광주통합특별시 신안군 신의면,12870
12870390,umd,장산면,전남광주통합특별시 신안군 장산면,12870
12870400,umd,안좌면,전남광주통합특별시 신안군 안좌면,12870
12870410,umd,팔금면,전남광주통합특별시 신안군 팔금면,12870
12870420,umd,암태면,전남광주통합특별시 신안군 암태면,12870
26110101,umd,영주동,부산광역시 중구 영주동,26110
26110102,umd,대창동1가,부산광역시 중구 대창동1가,26110
26110103,umd,대창동2가,부산광역시 중구 대창동2가,26110
26110104,umd,중앙동1가,부산광역시 중구 중앙동1가,26110
26110105,umd,중앙동2가,부산광역시 중구 중앙동2가,26110
26110106,umd,중앙동3가,부산광역시 중구 중앙동3가,26110
26110107,umd,중앙동4가,부산광역시 중구 중앙동4가,26110
26110108,umd,중앙동5가,부산광역시 중구 중앙동5가,26110
26110109,umd,중앙동6가,부산광역시 중구 중앙동6가,26110
26110110,umd,중앙동7가,부산광역시 중구 중앙동7가,26110
26110111,umd,동광동1가,부산광역시 중구 동광동1가,26110
26110112,umd,동광동2가,부산광역시 중구 동광동2가,26110
26110113,umd,동광동3가,부산광역시 중구 동광동3가,26110
26110114,umd,동광동4가,부산광역시 중구 동광동4가,26110
26110115,umd,동광동5가,부산광역시 중구 동광동5가,26110
26110116,umd,대청동1가,부산광역시 중구 대청동1가,26110
26110117,umd,대청동2가,부산광역시 중구 대청동2가,26110
26110118,umd,대청동3가,부산광역시 중구 대청동3가,26110
26110119,umd,대청동4가,부산광역시 중구 대청동4가,26110
26110120,umd,보수동1가,부산광역시 중구 보수동1가,26110
26110121,umd,보수동2가,부산광역시 중구 보수동2가,26110
26110122,umd,보수동3가,부산광역시 중구 보수동3가,26110
26110123,umd,부평동1가,부산광역시 중구 부평동1가,26110
26110124,umd,부평동2가,부산광역시 중구 부평동2가,26110
26110125,umd,부평동3가,부산광역시 중구 부평동3가,26110
26110126,umd,부평동4가,부산광역시 중구 부평동4가,26110
26110127,umd,신창동1가,부산광역시 중구 신창동1가,26110
26110128,umd,신창동2가,부산광역시 중구 신창동2가,26110
26110129,umd,신창동3가,부산광역시 중구 신창동3가,26110
26110130,umd,신창동4가,부산광역시 중구 신창동4가,26110
26110131,umd,창선동1가,부산광역시 중구 창선동1가,26110
26110132,umd,창선동2가,부산광역시 중구 창선동2가,26110
26110133,umd,광복동1가,부산광역시 중구 광복동1가,26110
26110134,umd,광복동2가,부산광역시 중구 광복동2가,26110
26110135,umd,광복동3가,부산광역시 중구 광복동3가,26110
26110136,umd,남포동1가,부산광역시 중구 남포동1가,26110
26110137,umd,남포동2가,부산광역시 중구 남포동2가,26110
26110138,umd,남포동3가,부산광역시 중구 남포동3가,26110
26110139,umd,남포동4가,부산광역시 중구 남포동4가,26110
26110140,umd,남포동5가,부산광역시 중구 남포동5가,26110
26110141,umd,남포동6가,부산광역시 중구 남포동6가,26110
26140101,umd,동대신동1가,부산광역시 서구 동대신동1가,26140
26140102,umd,동대신동2가,부산광역시 서구 동대신동2가,26140
26140103,umd,동대신동3가,부산광역시 서구 동대신동3가,26140
26140104,umd,서대신동1가,부산광역시 서구 서대신동1가,26140
26140105,umd,서대신동2가,부산광역시 서구 서대신동2가,26140
26140106,umd,서대신동3가,부산광역시 서구 서대신동3가,26140
26140107,umd,부용동1가,부산광역시 서구 부용동1가,26140
26140108,umd,부용동2가,부산광역시 서구 부용동2가,26140
26140109,umd,부민동1가,부산광역시 서구 부민동1가,26140
26140110,umd,부민동2가,부산광역시 서구 부민동2가,26140
26140111,umd,부민동3가,부산광역시 서구 부민동3가,26140
26140112,umd,토성동1가,부산광역시 서구 토성동1가,26140
26140113,umd,토성동2가,부산광역시 서구 토성동2가,26140
26140114,umd,토성동3가,부산광역시 서구 토성동3가,26140
26140115,umd,아미동1가,부산광역시 서구 아미동1가,26140
26140116,umd,아미동2가,부산광역시 서구 아미동2가,26140
26140117,umd,토성동4가,부산광역시 서구 토성동4가,26140
26140118,umd,토성동5가,부산광역시 서구 토성동5가,26140
26140119,umd,초장동,부산광역시 서구 초장동,26140
26140120,umd,충무동1가,부산광역시 서구 충무동1가,26140
26140121,umd,충무동2가,부산광역시 서구 충무동2가,26140
26140122,umd,충무동3가,부산광역시 서구 충무동3가,26140
26140123,umd,남부민동,부산광역시 서구 남부민동,26140
26140124,umd,암남동,부산광역시 서구 암남동,26140
26170101,umd,초량동,부산광역시 동구 초량동,26170
26170102,umd,수정동,부산광역시 동구 수정동,26170
26170103,umd,좌천동,부산광역시 동구 좌천동,26170
26170104,umd,범일동,부산광역시 동구 범일동,26170
26200101,umd,대교동1가,부산광역시 영도구 대교동1가,26200
26200102,umd,대교동2가,부산광역시 영도구 대교동2가,26200
26200103,umd,대평동1가,부산광역시 영도구 대평동1가,26200
26200104,umd,대평동2가,부산광역시 영도구 대평동2가,26200
26200105,umd,남항동1가,부산광역시 영도구 남항동1가,26200
26200106,umd,남항동2가,부산광역시 영도구 남항동2가,26200
26200107,umd,남항동3가,부산광역시 영도구 남항동3가,26200
26200108,umd,영선동1가,부산광역시 영도구 영선동1가,26200
26200109,umd,영선동2가,부산광역시 영도구 영선동2가,26200
26200110,umd,영선동3가,부산광역시 영도구 영선동3가,26200
26200111,umd,영선동4가,부산광역시 영도구 영선동4가,26200
26200112,umd,신선동1가,부산광역시 영도구 신선동1가,26200
26200113,umd,신선동2가,부산광역시 영도구 신선동2가,26200
26200114,umd,신선동3가,부산광역시 영도구 신선동3가,26200
26200115,umd,봉래동1가,부산광역시 영도구 봉래동1가,26200
26200116,umd,봉래동2가,부산광역시 영도구 봉래동2가,26200
26200117,umd,봉래동3가,부산광역시 영도구 봉래동3가,26200
26200118,umd,봉래동4가,부산광역시 영도구 봉래동4가,26200
26200119,umd,봉래동5가,부산광역시 영도구 봉래동5가,26200
26200120,umd,청학동,부산광역시 영도구 청학동,26200
26200121,umd,동삼동,부산광역시 영도구 동삼동,26200
26230101,umd,양정동,부산광역시 부산진구 양정동,26230
26230102,umd,전포동,부산광역시 부산진구 전포동,26230
26230103,umd,부전동,부산광역시 부산진구 부전동,26230
26230104,umd,범천동,부산광역시 부산진구 범천동,26230
26230105,umd,범전동,부산광역시 부산진구 범전동,26230
26230106,umd,연지동,부산광역시 부산진구 연지동,26230
26230107,umd,초읍동,부산광역시 부산진구 초읍동,26230
26230108,umd,부암동,부산광역시 부산진구 부암동,26230
26230109,umd,당감동,부산광역시 부산진구 당감동,26230
26230110,umd,가야동,부산광역시 부산진구 가야동,26230
26230111,umd,개금동,부산광역시 부산진구 개금동,26230
26260101,umd,명장동,부산광역시 동래구 명장동,26260
26260102,umd,안락동,부산광역시 동래구 안락동,26260
26260103,umd,칠산동,부산광역시 동래구 칠산동,26260
26260104,umd,낙민동,부산광역시 동래구 낙민동,26260
26260105,umd,복천동,부산광역시 동래구 복천동,26260
26260106,umd,수안동,부산광역시 동래구 수안동,26260
26260107,umd,명륜동,부산광역시 동래구 명륜동,26260
26260108,umd,온천동,부산광역시 동래구 온천동,26260
26260109,umd,사직동,부산광역시 동래구 사직동,26260
26290106,umd,대연동,부산광역시 남구 대연동,26290
26290107,umd,용호동,부산광역시 남구 용호동,26290
26290108,umd,용당동,부산광역시 남구 용당동,26290
26290109,umd,문현동,부산광역시 남구 문현동,26290
26290110,umd,우암동,부산광역시 남구 우암동,26290
26290111,umd,감만동,부산광역시 남구 감만동,26290
26320101,umd,금곡동,부산광역시 북구 금곡동,26320
26320102,umd,화명동,부산광역시 북구 화명동,26320
26320103,umd,만덕동,부산광역시 북구 만덕동,26320
26320104,umd,덕천동,부산광역시 북구 덕천동,26320
26320105,umd,구포동,부산광역시 북구 구포동,26320
26350101,umd,반송동,부산광역시 해운대구 반송동,26350
26350102,umd,석대동,부산광역시 해운대구 석대동,26350
26350103,umd,반여동,부산광역시 해운대구 반여동,26350
26350104,umd,재송동,부산광역시 해운대구 재송동,26350
26350105,umd,우동,부산광역시 해운대구 우동,26350
26350106,umd,중동,부산광역시 해운대구 중동,26350
26350107,umd,좌동,부산광역시 해운대구 좌동,26350
26350108,umd,송정동,부산광역시 해운대구 송정동,26350
26380101,umd,괴정동,부산광역시 사하구 괴정동,26380
26380102,umd,당리동,부산광역시 사하구 당리동,26380
26380103,umd,하단동,부산광역시 사하구 하단동,26380
26380104,umd,신평동,부산광역시 사하구 신평동,26380
26380105,umd,장림동,부산광역시 사하구 장림동,26380
26380106,umd,다대동,부산광역시 사하구 다대동,26380
26380107,umd,구평동,부산광역시 사하구 구평동,26380
26380108,umd,감천동,부산광역시 사하구 감천동,26380
26410101,umd,두구동,부산광역시 금정구 두구동,26410
26410102,umd,노포동,부산광역시 금정구 노포동,26410
26410103,umd,청룡동,부산광역시 금정구 청룡동,26410
26410104,umd,남산동,부산광역시 금정구 남산동,26410
26410105,umd,선동,부산광역시 금정구 선동,26410
26410106,umd,오륜동,부산광역시 금정구 오륜동,26410
26410107,umd,구서동,부산광역시 금정구 구서동,26410
26410108,umd,장전동,부산광역시 금정구 장전동,26410
26410109,umd,부곡동,부산광역시 금정구 부곡동,26410
26410110,umd,서동,부산광역시 금정구 서동,26410
26410111,umd,금사동,부산광역시 금정구 금사동,26410
26410112,umd,회동동,부산광역시 금정구 회동동,26410
26410113,umd,금성동,부산광역시 금정구 금성동,26410
26440101,umd,대저1동,부산광역시 강서구 대저1동,26440
26440102,umd,대저2동,부산광역시 강서구 대저2동,26440
26440103,umd,강동동,부산광역시 강서구 강동동,26440
26440104,umd,명지동,부산광역시 강서구 명지동,26440
26440105,umd,죽림동,부산광역시 강서구 죽림동,26440
26440106,umd,식만동,부산광역시 강서구 식만동,26440
26440107,umd,죽동동,부산광역시 강서구 죽동동,26440
26440108,umd,봉림동,부산광역시 강서구 봉림동,26440
26440109,umd,송정동,부산광역시 강서구 송정동,26440
26440110,umd,화전동,부산광역시 강서구 화전동,26440
26440111,umd,녹산동,부산광역시 강서구 녹산동,26440
26440112,umd,생곡동,부산광역시 강서구 생곡동,26440
26440113,umd,구랑동,부산광역시 강서구 구랑동,26440
26440114,umd,지사동,부산광역시 강서구 지사동,26440
26440115,umd,미음동,부산광역시 강서구 미음동,26440
26440116,umd,범방동,부산광역시 강서구 범방동,26440
26440117,umd,신호동,부산광역시 강서구 신호동,26440
26440118,umd,동선동,부산광역시 강서구 동선동,26440
26440119,umd,성북동,부산광역시 강서구 성북동,26440
26440120,umd,눌차동,부산광역시 강서구 눌차동,26440
26440121,umd,천성동,부산광역시 강서구 천성동,26440
26440122,umd,대항동,부산광역시 강서구 대항동,26440
26470101,umd,거제동,부산광역시 연제구 거제동,26470
26470102,umd,연산동,부산광역시 연제구 연산동,26470
26500101,umd,망미동,부산광역시 수영구 망미동,26500
26500102,umd,수영동,부산광역시 수영구 수영동,26500
26500103,umd,민락동,부산광역시 수영구 민락동,26500
26500104,umd,광안동,부산광역시 수영구 광안동,26500
26500105,umd,남천동,부산광역시 수영구 남천동,26500
26530101,umd,삼락동,부산광역시 사상구 삼락동,26530
26530102,umd,모라동,부산광역시 사상구 모라동,26530
26530103,umd,덕포동,부산광역시 사상구 덕포동,26530
26530104,umd,괘법동,부산광역시 사상구 괘법동,26530
26530105,umd,감전동,부산광역시 사상구 감전동,26530
26530106,umd,주례동,부산광역시 사상구 주례동,26530
26530107,umd,학장동,부산광역시 사상구 학장동,26530
26530108,umd,엄궁동,부산광역시 사상구 엄궁동,26530
26710250,umd,기장읍,부산광역시 기장군 기장읍,26710
26710253,umd,장안읍,부산광역시 기장군 장안읍,26710
26710256,umd,정관읍,부산광역시 기장군 정관읍,26710
26710259,umd,일광읍,부산광역시 기장군 일광읍,26710
26710330,umd,철마면,부산광역시 기장군 철마면,26710
27110101,umd,동인동1가,대구광역시 중구 동인동1가,27110
27110102,umd,동인동2가,대구광역시 중구 동인동2가,27110
27110103,umd,동인동3가,대구광역시 중구 동인동3가,27110
27110104,umd,동인동4가,대구광역시 중구 동인동4가,27110
27110105,umd,삼덕동1가,대구광역시 중구 삼덕동1가,27110
27110106,umd,삼덕동2가,대구광역시 중구 삼덕동2가,27110
27110107,umd,삼덕동3가,대구광역시 중구 삼덕동3가,27110
27110108,umd,봉산동,대구광역시 중구 봉산동,27110
27110109,umd,장관동,대구광역시 중구 장관동,27110
27110110,umd,상서동,대구광역시 중구 상서동,27110
27110111,umd,수동,대구광역시 중구 수동,27110
27110112,umd,덕산동,대구광역시 중구 덕산동,27110
27110113,umd,종로1가,대구광역시 중구 종로1가,27110
27110114,umd,종로2가,대구광역시 중구 종로2가,27110
27110115,umd,사일동,대구광역시 중구 사일동,27110
27110116,umd,동일동,대구광역시 중구 동일동,27110
27110117,umd,남일동,대구광역시 중구 남일동,27110
27110118,umd,전동,대구광역시 중구 전동,27110
27110119,umd,동성로3가,대구광역시 중구 동성로3가,27110
27110120,umd,동문동,대구광역시 중구 동문동,27110
27110121,umd,문화동,대구광역시 중구 문화동,27110
27110122,umd,공평동,대구광역시 중구 공평동,27110
27110123,umd,동성로2가,대구광역시 중구 동성로2가,27110
27110124,umd,태평로1가,대구광역시 중구 태평로1가,27110
27110125,umd,교동,대구광역시 중구 교동,27110
27110126,umd,용덕동,대구광역시 중구 용덕동,27110
27110127,umd,상덕동,대구광역시 중구 상덕동,27110
27110128,umd,완전동,대구광역시 중구 완전동,27110
27110129,umd,도원동,대구광역시 중구 도원동,27110
27110130,umd,수창동,대구광역시 중구 수창동,27110
27110131,umd,태평로3가,대구광역시 중구 태평로3가,27110
27110132,umd,인교동,대구광역시 중구 인교동,27110
27110133,umd,서야동,대구광역시 중구 서야동,27110
27110134,umd,서성로1가,대구광역시 중구 서성로1가,27110
27110135,umd,시장북로,대구광역시 중구 시장북로,27110
27110136,umd,하서동,대구광역시 중구 하서동,27110
27110137,umd,남성로,대구광역시 중구 남성로,27110
27110138,umd,계산동1가,대구광역시 중구 계산동1가,27110
27110139,umd,계산동2가,대구광역시 중구 계산동2가,27110
27110140,umd,동산동,대구광역시 중구 동산동,27110
27110141,umd,서문로2가,대구광역시 중구 서문로2가,27110
27110142,umd,서성로2가,대구광역시 중구 서성로2가,27110
27110143,umd,포정동,대구광역시 중구 포정동,27110
27110144,umd,서문로1가,대구광역시 중구 서문로1가,27110
27110145,umd,서내동,대구광역시 중구 서내동,27110
27110146,umd,북성로2가,대구광역시 중구 북성로2가,27110
27110147,umd,대안동,대구광역시 중구 대안동,27110
27110148,umd,동성로1가,대구광역시 중구 동성로1가,27110
27110149,umd,태평로2가,대구광역시 중구 태평로2가,27110
27110150,umd,북성로1가,대구광역시 중구 북성로1가,27110
27110151,umd,화전동,대구광역시 중구 화전동,27110
27110152,umd,향촌동,대구광역시 중구 향촌동,27110
27110153,umd,북내동,대구광역시 중구 북내동,27110
27110154,umd,대신동,대구광역시 중구 대신동,27110
27110155,umd,달성동,대구광역시 중구 달성동,27110
27110156,umd,남산동,대구광역시 중구 남산동,27110
27110157,umd,대봉동,대구광역시 중구 대봉동,27110
27140101,umd,신암동,대구광역시 동구 신암동,27140
27140102,umd,신천동,대구광역시 동구 신천동,27140
27140103,umd,효목동,대구광역시 동구 효목동,27140
27140104,umd,평광동,대구광역시 동구 평광동,27140
27140105,umd,봉무동,대구광역시 동구 봉무동,27140
27140106,umd,불로동,대구광역시 동구 불로동,27140
27140107,umd,도동,대구광역시 동구 도동,27140
27140108,umd,지저동,대구광역시 동구 지저동,27140
27140109,umd,입석동,대구광역시 동구 입석동,27140
27140110,umd,검사동,대구광역시 동구 검사동,27140
27140111,umd,방촌동,대구광역시 동구 방촌동,27140
27140112,umd,둔산동,대구광역시 동구 둔산동,27140
27140113,umd,부동,대구광역시 동구 부동,27140
27140114,umd,신평동,대구광역시 동구 신평동,27140
27140115,umd,서호동,대구광역시 동구 서호동,27140
27140116,umd,동호동,대구광역시 동구 동호동,27140
27140117,umd,신기동,대구광역시 동구 신기동,27140
27140118,umd,율하동,대구광역시 동구 율하동,27140
27140119,umd,용계동,대구광역시 동구 용계동,27140
27140120,umd,율암동,대구광역시 동구 율암동,27140
27140121,umd,상매동,대구광역시 동구 상매동,27140
27140122,umd,매여동,대구광역시 동구 매여동,27140
27140123,umd,각산동,대구광역시 동구 각산동,27140
27140124,umd,신서동,대구광역시 동구 신서동,27140
27140125,umd,동내동,대구광역시 동구 동내동,27140
27140126,umd,괴전동,대구광역시 동구 괴전동,27140
27140127,umd,금강동,대구광역시 동구 금강동,27140
27140128,umd,대림동,대구광역시 동구 대림동,27140
27140129,umd,사복동,대구광역시 동구 사복동,27140
27140130,umd,숙천동,대구광역시 동구 숙천동,27140
27140131,umd,내곡동,대구광역시 동구 내곡동,27140
27140132,umd,능성동,대구광역시 동구 능성동,27140
27140133,umd,진인동,대구광역시 동구 진인동,27140
27140134,umd,도학동,대구광역시 동구 도학동,27140
27140135,umd,백안동,대구광역시 동구 백안동,27140
27140136,umd,미곡동,대구광역시 동구 미곡동,27140
27140137,umd,용수동,대구광역시 동구 용수동,27140
27140138,umd,신무동,대구광역시 동구 신무동,27140
27140139,umd,미대동,대구광역시 동구 미대동,27140
27140140,umd,내동,대구광역시 동구 내동,27140
27140141,umd,신용동,대구광역시 동구 신용동,27140
27140142,umd,중대동,대구광역시 동구 중대동,27140
27140143,umd,송정동,대구광역시 동구 송정동,27140
27140144,umd,덕곡동,대구광역시 동구 덕곡동,27140
27140145,umd,지묘동,대구광역시 동구 지묘동,27140
27170101,umd,내당동,대구광역시 서구 내당동,27170
27170102,umd,비산동,대구광역시 서구 비산동,27170
27170103,umd,평리동,대구광역시 서구 평리동,27170
27170104,umd,상리동,대구광역시 서구 상리동,27170
27170105,umd,중리동,대구광역시 서구 중리동,27170
27170106,umd,이현동,대구광역시 서구 이현동,27170
27170107,umd,원대동1가,대구광역시 서구 원대동1가,27170
27170108,umd,원대동2가,대구광역시 서구 원대동2가,27170
27170109,umd,원대동3가,대구광역시 서구 원대동3가,27170
27200101,umd,이천동,대구광역시 남구 이천동,27200
27200102,umd,봉덕동,대구광역시 남구 봉덕동,27200
27200103,umd,대명동,대구광역시 남구 대명동,27200
27230101,umd,칠성동1가,대구광역시 북구 칠성동1가,27230
27230102,umd,칠성동2가,대구광역시 북구 칠성동2가,27230
27230103,umd,고성동1가,대구광역시 북구 고성동1가,27230
27230104,umd,고성동2가,대구광역시 북구 고성동2가,27230
27230105,umd,고성동3가,대구광역시 북구 고성동3가,27230
27230106,umd,침산동,대구광역시 북구 침산동,27230
27230107,umd,노원동1가,대구광역시 북구 노원동1가,27230
27230108,umd,노원동2가,대구광역시 북구 노원동2가,27230
27230109,umd,노원동3가,대구광역시 북구 노원동3가,27230
27230110,umd,대현동,대구광역시 북구 대현동,27230
27230111,umd,산격동,대구광역시 북구 산격동,27230
27230112,umd,복현동,대구광역시 북구 복현동,27230
27230113,umd,검단동,대구광역시 북구 검단동,27230
27230114,umd,동변동,대구광역시 북구 동변동,27230
27230115,umd,서변동,대구광역시 북구 서변동,27230
27230116,umd,조야동,대구광역시 북구 조야동,27230
27230117,umd,노곡동,대구광역시 북구 노곡동,27230
27230118,umd,읍내동,대구광역시 북구 읍내동,27230
27230119,umd,동호동,대구광역시 북구 동호동,27230
27230120,umd,학정동,대구광역시 북구 학정동,27230
27230121,umd,도남동,대구광역시 북구 도남동,27230
27230122,umd,국우동,대구광역시 북구 국우동,27230
27230123,umd,구암동,대구광역시 북구 구암동,27230
27230124,umd,동천동,대구광역시 북구 동천동,27230
27230125,umd,관음동,대구광역시 북구 관음동,27230
27230126,umd,태전동,대구광역시 북구 태전동,27230
27230127,umd,매천동,대구광역시 북구 매천동,27230
27230128,umd,팔달동,대구광역시 북구 팔달동,27230
27230129,umd,금호동,대구광역시 북구 금호동,27230
27230130,umd,사수동,대구광역시 북구 사수동,27230
27230131,umd,연경동,대구광역시 북구 연경동,27230
27260101,umd,범어동,대구광역시 수성구 범어동,27260
27260102,umd,만촌동,대구광역시 수성구 만촌동,27260
27260103,umd,수성동1가,대구광역시 수성구 수성동1가,27260
27260104,umd,수성동2가,대구광역시 수성구 수성동2가,27260
27260105,umd,수성동3가,대구광역시 수성구 수성동3가,27260
27260106,umd,수성동4가,대구광역시 수성구 수성동4가,27260
27260107,umd,황금동,대구광역시 수성구 황금동,27260
27260108,umd,중동,대구광역시 수성구 중동,27260
27260109,umd,상동,대구광역시 수성구 상동,27260
27260110,umd,파동,대구광역시 수성구 파동,27260
27260111,umd,두산동,대구광역시 수성구 두산동,27260
27260112,umd,지산동,대구광역시 수성구 지산동,27260
27260113,umd,범물동,대구광역시 수성구 범물동,27260
27260114,umd,시지동,대구광역시 수성구 시지동,27260
27260115,umd,매호동,대구광역시 수성구 매호동,27260
27260116,umd,성동,대구광역시 수성구 성동,27260
27260117,umd,사월동,대구광역시 수성구 사월동,27260
27260118,umd,신매동,대구광역시 수성구 신매동,27260
27260119,umd,욱수동,대구광역시 수성구 욱수동,27260
27260120,umd,노변동,대구광역시 수성구 노변동,27260
27260122,umd,삼덕동,대구광역시 수성구 삼덕동,27260
27260123,umd,연호동,대구광역시 수성구 연호동,27260
27260124,umd,이천동,대구광역시 수성구 이천동,27260
27260125,umd,고모동,대구광역시 수성구 고모동,27260
27260126,umd,가천동,대구광역시 수성구 가천동,27260
27260127,umd,대흥동,대구광역시 수성구 대흥동,27260
27290101,umd,성당동,대구광역시 달서구 성당동,27290
27290102,umd,두류동,대구광역시 달서구 두류동,27290
27290104,umd,파호동,대구광역시 달서구 파호동,27290
27290105,umd,호림동,대구광역시 달서구 호림동,27290
27290106,umd,갈산동,대구광역시 달서구 갈산동,27290
27290107,umd,신당동,대구광역시 달서구 신당동,27290
27290108,umd,이곡동,대구광역시 달서구 이곡동,27290
27290109,umd,장동,대구광역시 달서구 장동,27290
27290110,umd,장기동,대구광역시 달서구 장기동,27290
27290111,umd,용산동,대구광역시 달서구 용산동,27290
27290112,umd,죽전동,대구광역시 달서구 죽전동,27290
27290113,umd,감삼동,대구광역시 달서구 감삼동,27290
27290114,umd,본리동,대구광역시 달서구 본리동,27290
27290115,umd,상인동,대구광역시 달서구 상인동,27290
27290116,umd,도원동,대구광역시 달서구 도원동,27290
27290117,umd,진천동,대구광역시 달서구 진천동,27290
27290118,umd,유천동,대구광역시 달서구 유천동,27290
27290119,umd,대천동,대구광역시 달서구 대천동,27290
27290120,umd,월성동,대구광역시 달서구 월성동,27290
27290121,umd,월암동,대구광역시 달서구 월암동,27290
27290122,umd,송현동,대구광역시 달서구 송현동,27290
27290123,umd,대곡동,대구광역시 달서구 대곡동,27290
27290124,umd,본동,대구광역시 달서구 본동,27290
27290125,umd,호산동,대구광역시 달서구 호산동,27290
27710250,umd,화원읍,대구광역시 달성군 화원읍,27710
27710253,umd,논공읍,대구광역시 달성군 논공읍,27710
27710256,umd,다사읍,대구광역시 달성군 다사읍,27710
27710259,umd,유가읍,대구광역시 달성군 유가읍,27710
27710262,umd,옥포읍,대구광역시 달성군 옥포읍,27710
27710265,umd,현풍읍,대구광역시 달성군 현풍읍,27710
27710310,umd,가창면,대구광역시 달성군 가창면,27710
27710330,umd,하빈면,대구광역시 달성군 하빈면,27710
27710380,umd,구지면,대구광역시 달성군 구지면,27710
27720250,umd,군위읍,대구광역시 군위군 군위읍,27720
27720310,umd,소보면,대구광역시 군위군 소보면,27720
27720320,umd,효령면,대구광역시 군위군 효령면,27720
27720330,umd,부계면,대구광역시 군위군 부계면,27720
27720340,umd,우보면,대구광역시 군위군 우보면,27720
27720350,umd,의흥면,대구광역시 군위군 의흥면,27720
27720360,umd,산성면,대구광역시 군위군 산성면,27720
27720370,umd,삼국유사면,대구광역시 군위군 삼국유사면,27720
28125101,umd,만석동,인천광역시 제물포구 만석동,28125
28125102,umd,화수동,인천광역시 제물포구 화수동,28125
28125103,umd,송현동,인천광역시 제물포구 송현동,28125
28125104,umd,화평동,인천광역시 제물포구 화평동,28125
28125105,umd,창영동,인천광역시 제물포구 창영동,28125
28125106,umd,금곡동,인천광역시 제물포구 금곡동,28125
28125107,umd,송림동,인천광역시 제물포구 송림동,28125
28125108,umd,중앙동1가,인천광역시 제물포구 중앙동1가,28125
28125109,umd,중앙동2가,인천광역시 제물포구 중앙동2가,28125
28125110,umd,중앙동3가,인천광역시 제물포구 중앙동3가,28125
28125111,umd,중앙동4가,인천광역시 제물포구 중앙동4가,28125
28125112,umd,해안동1가,인천광역시 제물포구 해안동1가,28125
28125113,umd,해안동2가,인천광역시 제물포구 해안동2가,28125
28125114,umd,해안동3가,인천광역시 제물포구 해안동3가,28125
28125115,umd,해안동4가,인천광역시 제물포구 해안동4가,28125
28125116,umd,관동1가,인천광역시 제물포구 관동1가,28125
28125117,umd,관동2가,인천광역시 제물포구 관동2가,28125
28125118,umd,관동3가,인천광역시 제물포구 관동3가,28125
28125119,umd,항동1가,인천광역시 제물포구 항동1가,28125
28125120,umd,항동2가,인천광역시 제물포구 항동2가,28125
28125121,umd,항동3가,인천광역시 제물포구 항동3가,28125
28125122,umd,항동4가,인천광역시 제물포구 항동4가,28125
28125123,umd,항동5가,인천광역시 제물포구 항동5가,28125
28125124,umd,항동6가,인천광역시 제물포구 항동6가,28125
28125125,umd,항동7가,인천광역시 제물포구 항동7가,28125
28125126,umd,송학동1가,인천광역시 제물포구 송학동1가,28125
28125127,umd,송학동2가,인천광역시 제물포구 송학동2가,28125
28125128,umd,송학동3가,인천광역시 제물포구 송학동3가,28125
28125129,umd,사동,인천광역시 제물포구 사동,28125
28125130,umd,신생동,인천광역시 제물포구 신생동,28125
28125131,umd,신포동,인천광역시 제물포구 신포동,28125
28125132,umd,답동,인천광역시 제물포구 답동,28125
28125133,umd,신흥동1가,인천광역시 제물포구 신흥동1가,28125
28125134,umd,신흥동2가,인천광역시 제물포구 신흥동2가,28125
28125135,umd,신흥동3가,인천광역시 제물포구 신흥동3가,28125
28125136,umd,선화동,인천광역시 제물포구 선화동,28125
28125137,umd,유동,인천광역시 제물포구 유동,28125
28125138,umd,율목동,인천광역시 제물포구 율목동,28125
28125139,umd,도원동,인천광역시 제물포구 도원동,28125
28125140,umd,내동,인천광역시 제물포구 내동,28125
28125141,umd,경동,인천광역시 제물포구 경동,28125
28125142,umd,용동,인천광역시 제물포구 용동,28125
28125143,umd,인현동,인천광역시 제물포구 인현동,28125
28125144,umd,전동,인천광역시 제물포구 전동,28125
28125145,umd,북성동1가,인천광역시 제물포구 북성동1가,28125
28125146,umd,북성동2가,인천광역시 제물포구 북성동2가,28125
28125147,umd,북성동3가,인천광역시 제물포구 북성동3가,28125
28125148,umd,선린동,인천광역시 제물포구 선린동,28125
28125149,umd,송월동1가,인천광역시 제물포구 송월동1가,28125
28125150,umd,송월동2가,인천광역시 제물포구 송월동2가,28125
28125151,umd,송월동3가,인천광역시 제물포구 송월동3가,28125
28155101,umd,중산동,인천광역시 영종구 중산동,28155
28155102,umd,운남동,인천광역시 영종구 운남동,28155
28155103,umd,운서동,인천광역시 영종구 운서동,28155
28155104,umd,운북동,인천광역시 영종구 운북동,28155
28155105,umd,을왕동,인천광역시 영종구 을왕동,28155
28155106,umd,남북동,인천광역시 영종구 남북동,28155
28155107,umd,덕교동,인천광역시 영종구 덕교동,28155
28155108,umd,무의동,인천광역시 영종구 무의동,28155
28177101,umd,숭의동,인천광역시 미추홀구 숭의동,28177
28177102,umd,용현동,인천광역시 미추홀구 용현동,28177
28177103,umd,학익동,인천광역시 미추홀구 학익동,28177
28177104,umd,도화동,인천광역시 미추홀구 도화동,28177
28177105,umd,주안동,인천광역시 미추홀구 주안동,28177
28177106,umd,관교동,인천광역시 미추홀구 관교동,28177
28177107,umd,문학동,인천광역시 미추홀구 문학동,28177
28185101,umd,옥련동,인천광역시 연수구 옥련동,28185
28185102,umd,선학동,인천광역시 연수구 선학동,28185
28185103,umd,연수동,인천광역시 연수구 연수동,28185
28185104,umd,청학동,인천광역시 연수구 청학동,28185
28185105,umd,동춘동,인천광역시 연수구 동춘동,28185
28185106,umd,송도동,인천광역시 연수구 송도동,28185
28200101,umd,구월동,인천광역시 남동구 구월동,28200
28200102,umd,간석동,인천광역시 남동구 간석동,28200
28200103,umd,만수동,인천광역시 남동구 만수동,28200
28200104,umd,장수동,인천광역시 남동구 장수동,28200
28200105,umd,서창동,인천광역시 남동구 서창동,28200
28200106,umd,운연동,인천광역시 남동구 운연동,28200
28200107,umd,남촌동,인천광역시 남동구 남촌동,28200
28200108,umd,수산동,인천광역시 남동구 수산동,28200
28200109,umd,도림동,인천광역시 남동구 도림동,28200
28200110,umd,논현동,인천광역시 남동구 논현동,28200
28200111,umd,고잔동,인천광역시 남동구 고잔동,28200
28237101,umd,부평동,인천광역시 부평구 부평동,28237
28237102,umd,십정동,인천광역시 부평구 십정동,28237
28237103,umd,산곡동,인천광역시 부평구 산곡동,28237
28237104,umd,청천동,인천광역시 부평구 청천동,28237
28237105,umd,삼산동,인천광역시 부평구 삼산동,28237
28237106,umd,갈산동,인천광역시 부평구 갈산동,28237
28237107,umd,부개동,인천광역시 부평구 부개동,28237
28237108,umd,일신동,인천광역시 부평구 일신동,28237
28237109,umd,구산동,인천광역시 부평구 구산동,28237
28245101,umd,효성동,인천광역시 계양구 효성동,28245
28245102,umd,계산동,인천광역시 계양구 계산동,28245
28245103,umd,작전동,인천광역시 계양구 작전동,28245
28245104,umd,서운동,인천광역시 계양구 서운동,28245
28245105,umd,임학동,인천광역시 계양구 임학동,28245
28245106,umd,용종동,인천광역시 계양구 용종동,28245
28245107,umd,병방동,인천광역시 계양구 병방동,28245
28245108,umd,방축동,인천광역시 계양구 방축동,28245
28245109,umd,박촌동,인천광역시 계양구 박촌동,28245
28245110,umd,동양동,인천광역시 계양구 동양동,28245
28245111,umd,귤현동,인천광역시 계양구 귤현동,28245
28245112,umd,상야동,인천광역시 계양구 상야동,28245
28245113,umd,하야동,인천광역시 계양구 하야동,28245
28245114,umd,평동,인천광역시 계양구 평동,28245
28245115,umd,노오지동,인천광역시 계양구 노오지동,28245
28245116,umd,선주지동,인천광역시 계양구 선주지동,28245
28245117,umd,이화동,인천광역시 계양구 이화동,28245
28245118,umd,오류동,인천광역시 계양구 오류동,28245
28245119,umd,갈현동,인천광역시 계양구 갈현동,28245
28245120,umd,둑실동,인천광역시 계양구 둑실동,28245
28245121,umd,목상동,인천광역시 계양구 목상동,28245
28245122,umd,다남동,인천광역시 계양구 다남동,28245
28245123,umd,장기동,인천광역시 계양구 장기동,28245
28275101,umd,검암동,인천광역시 서구 검암동,28275
28275102,umd,경서동,인천광역시 서구 경서동,28275
28275103,umd,공촌동,인천광역시 서구 공촌동,28275
28275104,umd,연희동,인천광역시 서구 연희동,28275
28275105,umd,심곡동,인천광역시 서구 심곡동,28275
28275106,umd,가정동,인천광역시 서구 가정동,28275
28275107,umd,신현동,인천광역시 서구 신현동,28275
28275108,umd,석남동,인천광역시 서구 석남동,28275
28275109,umd,원창동,인천광역시 서구 원창동,28275
28275110,umd,가좌동,인천광역시 서구 가좌동,28275
28275111,umd,청라동,인천광역시 서구 청라동,28275
28290101,umd,백석동,인천광역시 검단구 백석동,28290
28290102,umd,시천동,인천광역시 검단구 시천동,28290
28290103,umd,마전동,인천광역시 검단구 마전동,28290
28290104,umd,당하동,인천광역시 검단구 당하동,28290
28290105,umd,원당동,인천광역시 검단구 원당동,28290
28290106,umd,대곡동,인천광역시 검단구 대곡동,28290
28290107,umd,금곡동,인천광역시 검단구 금곡동,28290
28290108,umd,오류동,인천광역시 검단구 오류동,28290
28290109,umd,왕길동,인천광역시 검단구 왕길동,28290
28290110,umd,불로동,인천광역시 검단구 불로동,28290
28710250,umd,강화읍,인천광역시 강화군 강화읍,28710
28710310,umd,선원면,인천광역시 강화군 선원면,28710
28710320,umd,불은면,인천광역시 강화군 불은면,28710
28710330,umd,길상면,인천광역시 강화군 길상면,28710
28710340,umd,화도면,인천광역시 강화군 화도면,28710
28710350,umd,양도면,인천광역시 강화군 양도면,28710
28710360,umd,내가면,인천광역시 강화군 내가면,28710
28710370,umd,하점면,인천광역시 강화군 하점면,28710
28710380,umd,양사면,인천광역시 강화군 양사면,28710
28710390,umd,송해면,인천광역시 강화군 송해면,28710
28710400,umd,교동면,인천광역시 강화군 교동면,28710
28710410,umd,삼산면,인천광역시 강화군 삼산면,28710
28710420,umd,서도면,인천광역시 강화군 서도면,28710
28720310,umd,북도면,인천광역시 옹진군 북도면,28720
28720330,umd,백령면,인천광역시 옹진군 백령면,28720
28720340,umd,대청면,인천광역시 옹진군 대청면,28720
28720350,umd,덕적면,인천광역시 옹진군 덕적면,28720
28720360,umd,영흥면,인천광역시 옹진군 영흥면,28720
28720370,umd,자월면,인천광역시 옹진군 자월면,28720
28720380,umd,연평면,인천광역시 옹진군 연평면,28720
30110101,umd,원동,대전광역시 동구 원동,30110
30110102,umd,인동,대전광역시 동구 인동,30110
30110103,umd,효동,대전광역시 동구 효동,30110
30110104,umd,천동,대전광역시 동구 천동,30110
30110105,umd,가오동,대전광역시 동구 가오동,30110
30110106,umd,신흥동,대전광역시 동구 신흥동,30110
30110107,umd,판암동,대전광역시 동구 판암동,30110
30110108,umd,삼정동,대전광역시 동구 삼정동,30110
30110109,umd,용운동,대전광역시 동구 용운동,30110
30110110,umd,대동,대전광역시 동구 대동,30110
30110111,umd,자양동,대전광역시 동구 자양동,30110
30110112,umd,신안동,대전광역시 동구 신안동,30110
30110113,umd,소제동,대전광역시 동구 소제동,30110
30110114,umd,가양동,대전광역시 동구 가양동,30110
30110115,umd,용전동,대전광역시 동구 용전동,30110
30110116,umd,성남동,대전광역시 동구 성남동,30110
30110117,umd,홍도동,대전광역시 동구 홍도동,30110
30110118,umd,삼성동,대전광역시 동구 삼성동,30110
30110119,umd,정동,대전광역시 동구 정동,30110
30110120,umd,중동,대전광역시 동구 중동,30110
30110121,umd,추동,대전광역시 동구 추동,30110
30110122,umd,비룡동,대전광역시 동구 비룡동,30110
30110123,umd,주산동,대전광역시 동구 주산동,30110
30110124,umd,용계동,대전광역시 동구 용계동,30110
30110125,umd,마산동,대전광역시 동구 마산동,30110
30110126,umd,효평동,대전광역시 동구 효평동,30110
30110127,umd,직동,대전광역시 동구 직동,30110
30110128,umd,세천동,대전광역시 동구 세천동,30110
30110129,umd,신상동,대전광역시 동구 신상동,30110
30110130,umd,신하동,대전광역시 동구 신하동,30110
30110131,umd,신촌동,대전광역시 동구 신촌동,30110
30110132,umd,사성동,대전광역시 동구 사성동,30110
30110133,umd,내탑동,대전광역시 동구 내탑동,30110
30110134,umd,오동,대전광역시 동구 오동,30110
30110135,umd,주촌동,대전광역시 동구 주촌동,30110
30110136,umd,낭월동,대전광역시 동구 낭월동,30110
30110137,umd,대별동,대전광역시 동구 대별동,30110
30110138,umd,이사동,대전광역시 동구 이사동,30110
30110139,umd,대성동,대전광역시 동구 대성동,30110
30110140,umd,장척동,대전광역시 동구 장척동,30110
30110141,umd,소호동,대전광역시 동구 소호동,30110
30110142,umd,구도동,대전광역시 동구 구도동,30110
30110143,umd,삼괴동,대전광역시 동구 삼괴동,30110
30110144,umd,상소동,대전광역시 동구 상소동,30110
30110145,umd,하소동,대전광역시 동구 하소동,30110
30140101,umd,은행동,대전광역시 중구 은행동,30140
30140102,umd,선화동,대전광역시 중구 선화동,30140
30140103,umd,목동,대전광역시 중구 목동,30140
30140104,umd,중촌동,대전광역시 중구 중촌동,30140
30140105,umd,대흥동,대전광역시 중구 대흥동,30140
30140106,umd,문창동,대전광역시 중구 문창동,30140
30140107,umd,석교동,대전광역시 중구 석교동,30140
30140108,umd,호동,대전광역시 중구 호동,30140
30140109,umd,옥계동,대전광역시 중구 옥계동,30140
30140110,umd,대사동,대전광역시 중구 대사동,30140
30140111,umd,부사동,대전광역시 중구 부사동,30140
30140112,umd,용두동,대전광역시 중구 용두동,30140
30140113,umd,오류동,대전광역시 중구 오류동,30140
30140114,umd,태평동,대전광역시 중구 태평동,30140
30140115,umd,유천동,대전광역시 중구 유천동,30140
30140116,umd,문화동,대전광역시 중구 문화동,30140
30140117,umd,산성동,대전광역시 중구 산성동,30140
30140118,umd,사정동,대전광역시 중구 사정동,30140
30140119,umd,안영동,대전광역시 중구 안영동,30140
30140120,umd,무수동,대전광역시 중구 무수동,30140
30140121,umd,구완동,대전광역시 중구 구완동,30140
30140122,umd,침산동,대전광역시 중구 침산동,30140
30140123,umd,목달동,대전광역시 중구 목달동,30140
30140124,umd,정생동,대전광역시 중구 정생동,30140
30140125,umd,어남동,대전광역시 중구 어남동,30140
30140126,umd,금동,대전광역시 중구 금동,30140
30170101,umd,복수동,대전광역시 서구 복수동,30170
30170102,umd,변동,대전광역시 서구 변동,30170
30170103,umd,도마동,대전광역시 서구 도마동,30170
30170104,umd,정림동,대전광역시 서구 정림동,30170
30170105,umd,용문동,대전광역시 서구 용문동,30170
30170106,umd,탄방동,대전광역시 서구 탄방동,30170
30170108,umd,괴정동,대전광역시 서구 괴정동,30170
30170109,umd,가장동,대전광역시 서구 가장동,30170
30170110,umd,내동,대전광역시 서구 내동,30170
30170111,umd,갈마동,대전광역시 서구 갈마동,30170
30170112,umd,둔산동,대전광역시 서구 둔산동,30170
30170113,umd,월평동,대전광역시 서구 월평동,30170
30170114,umd,가수원동,대전광역시 서구 가수원동,30170
30170115,umd,도안동,대전광역시 서구 도안동,30170
30170116,umd,관저동,대전광역시 서구 관저동,30170
30170117,umd,흑석동,대전광역시 서구 흑석동,30170
30170118,umd,매노동,대전광역시 서구 매노동,30170
30170119,umd,산직동,대전광역시 서구 산직동,30170
30170120,umd,장안동,대전광역시 서구 장안동,30170
30170121,umd,평촌동,대전광역시 서구 평촌동,30170
30170122,umd,오동,대전광역시 서구 오동,30170
30170123,umd,우명동,대전광역시 서구 우명동,30170
30170124,umd,원정동,대전광역시 서구 원정동,30170
30170125,umd,용촌동,대전광역시 서구 용촌동,30170
30170126,umd,봉곡동,대전광역시 서구 봉곡동,30170
30170127,umd,괴곡동,대전광역시 서구 괴곡동,30170
30170128,umd,만년동,대전광역시 서구 만년동,30170
30200101,umd,원내동,대전광역시 유성구 원내동,30200
30200102,umd,교촌동,대전광역시 유성구 교촌동,30200
30200103,umd,대정동,대전광역시 유성구 대정동,30200
30200104,umd,용계동,대전광역시 유성구 용계동,30200
30200105,umd,학하동,대전광역시 유성구 학하동,30200
30200106,umd,계산동,대전광역시 유성구 계산동,30200
30200107,umd,성북동,대전광역시 유성구 성북동,30200
30200108,umd,세동,대전광역시 유성구 세동,30200
30200109,umd,송정동,대전광역시 유성구 송정동,30200
30200110,umd,방동,대전광역시 유성구 방동,30200
30200111,umd,봉명동,대전광역시 유성구 봉명동,30200
30200112,umd,구암동,대전광역시 유성구 구암동,30200
30200113,umd,덕명동,대전광역시 유성구 덕명동,30200
30200114,umd,원신흥동,대전광역시 유성구 원신흥동,30200
30200115,umd,상대동,대전광역시 유성구 상대동,30200
30200116,umd,복용동,대전광역시 유성구 복용동,30200
30200117,umd,장대동,대전광역시 유성구 장대동,30200
30200118,umd,갑동,대전광역시 유성구 갑동,30200
30200119,umd,노은동,대전광역시 유성구 노은동,30200
30200120,umd,지족동,대전광역시 유성구 지족동,30200
30200121,umd,죽동,대전광역시 유성구 죽동,30200
30200122,umd,궁동,대전광역시 유성구 궁동,30200
30200123,umd,어은동,대전광역시 유성구 어은동,30200
30200124,umd,구성동,대전광역시 유성구 구성동,30200
30200125,umd,신성동,대전광역시 유성구 신성동,30200
30200126,umd,가정동,대전광역시 유성구 가정동,30200
30200127,umd,도룡동,대전광역시 유성구 도룡동,30200
30200128,umd,장동,대전광역시 유성구 장동,30200
30200129,umd,방현동,대전광역시 유성구 방현동,30200
30200130,umd,화암동,대전광역시 유성구 화암동,30200
30200131,umd,덕진동,대전광역시 유성구 덕진동,30200
30200132,umd,하기동,대전광역시 유성구 하기동,30200
30200133,umd,추목동,대전광역시 유성구 추목동,30200
30200134,umd,자운동,대전광역시 유성구 자운동,30200
30200135,umd,신봉동,대전광역시 유성구 신봉동,30200
30200136,umd,수남동,대전광역시 유성구 수남동,30200
30200137,umd,안산동,대전광역시 유성구 안산동,30200
30200138,umd,외삼동,대전광역시 유성구 외삼동,30200
30200139,umd,반석동,대전광역시 유성구 반석동,30200
30200140,umd,문지동,대전광역시 유성구 문지동,30200
30200141,umd,전민동,대전광역시 유성구 전민동,30200
30200142,umd,원촌동,대전광역시 유성구 원촌동,30200
30200143,umd,탑립동,대전광역시 유성구 탑립동,30200
30200144,umd,용산동,대전광역시 유성구 용산동,30200
30200145,umd,봉산동,대전광역시 유성구 봉산동,30200
30200146,umd,관평동,대전광역시 유성구 관평동,30200
30200147,umd,송강동,대전광역시 유성구 송강동,30200
30200148,umd,금고동,대전광역시 유성구 금고동,30200
30200149,umd,대동,대전광역시 유성구 대동,30200
30200150,umd,금탄동,대전광역시 유성구 금탄동,30200
30200151,umd,신동,대전광역시 유성구 신동,30200
30200152,umd,둔곡동,대전광역시 유성구 둔곡동,30200
30200153,umd,구룡동,대전광역시 유성구 구룡동,30200
30230101,umd,오정동,대전광역시 대덕구 오정동,30230
30230102,umd,대화동,대전광역시 대덕구 대화동,30230
30230103,umd,읍내동,대전광역시 대덕구 읍내동,30230
30230104,umd,연축동,대전광역시 대덕구 연축동,30230
30230105,umd,신대동,대전광역시 대덕구 신대동,30230
30230106,umd,와동,대전광역시 대덕구 와동,30230
30230107,umd,송촌동,대전광역시 대덕구 송촌동,30230
30230108,umd,법동,대전광역시 대덕구 법동,30230
30230109,umd,중리동,대전광역시 대덕구 중리동,30230
30230110,umd,비래동,대전광역시 대덕구 비래동,30230
30230111,umd,석봉동,대전광역시 대덕구 석봉동,30230
30230112,umd,목상동,대전광역시 대덕구 목상동,30230
30230113,umd,문평동,대전광역시 대덕구 문평동,30230
30230114,umd,신일동,대전광역시 대덕구 신일동,30230
30230115,umd,덕암동,대전광역시 대덕구 덕암동,30230
30230116,umd,상서동,대전광역시 대덕구 상서동,30230
30230117,umd,평촌동,대전광역시 대덕구 평촌동,30230
30230118,umd,장동,대전광역시 대덕구 장동,30230
30230119,umd,용호동,대전광역시 대덕구 용호동,30230
30230120,umd,이현동,대전광역시 대덕구 이현동,30230
30230121,umd,갈전동,대전광역시 대덕구 갈전동,30230
30230122,umd,부수동,대전광역시 대덕구 부수동,30230
30230123,umd,황호동,대전광역시 대덕구 황호동,30230
30230124,umd,삼정동,대전광역시 대덕구 삼정동,30230
30230125,umd,미호동,대전광역시 대덕구 미호동,30230
30230126,umd,신탄진동,대전광역시 대덕구 신탄진동,30230
31110101,umd,학성동,울산광역시 중구 학성동,31110
31110102,umd,학산동,울산광역시 중구 학산동,31110
31110103,umd,복산동,울산광역시 중구 복산동,31110
31110104,umd,북정동,울산광역시 중구 북정동,31110
31110105,umd,옥교동,울산광역시 중구 옥교동,31110
31110106,umd,성남동,울산광역시 중구 성남동,31110
31110107,umd,교동,울산광역시 중구 교동,31110
31110108,umd,우정동,울산광역시 중구 우정동,31110
31110109,umd,성안동,울산광역시 중구 성안동,31110
31110110,umd,유곡동,울산광역시 중구 유곡동,31110
31110111,umd,태화동,울산광역시 중구 태화동,31110
31110112,umd,다운동,울산광역시 중구 다운동,31110
31110113,umd,동동,울산광역시 중구 동동,31110
31110114,umd,서동,울산광역시 중구 서동,31110
31110115,umd,남외동,울산광역시 중구 남외동,31110
31110116,umd,장현동,울산광역시 중구 장현동,31110
31110117,umd,약사동,울산광역시 중구 약사동,31110
31110118,umd,반구동,울산광역시 중구 반구동,31110
31140101,umd,무거동,울산광역시 남구 무거동,31140
31140102,umd,옥동,울산광역시 남구 옥동,31140
31140103,umd,두왕동,울산광역시 남구 두왕동,31140
31140104,umd,신정동,울산광역시 남구 신정동,31140
31140105,umd,달동,울산광역시 남구 달동,31140
31140106,umd,삼산동,울산광역시 남구 삼산동,31140
31140107,umd,여천동,울산광역시 남구 여천동,31140
31140108,umd,야음동,울산광역시 남구 야음동,31140
31140109,umd,선암동,울산광역시 남구 선암동,31140
31140110,umd,상개동,울산광역시 남구 상개동,31140
31140111,umd,부곡동,울산광역시 남구 부곡동,31140
31140112,umd,고사동,울산광역시 남구 고사동,31140
31140113,umd,성암동,울산광역시 남구 성암동,31140
31140114,umd,황성동,울산광역시 남구 황성동,31140
31140115,umd,용연동,울산광역시 남구 용연동,31140
31140116,umd,남화동,울산광역시 남구 남화동,31140
31140117,umd,용잠동,울산광역시 남구 용잠동,31140
31140118,umd,장생포동,울산광역시 남구 장생포동,31140
31140119,umd,매암동,울산광역시 남구 매암동,31140
31170101,umd,방어동,울산광역시 동구 방어동,31170
31170102,umd,화정동,울산광역시 동구 화정동,31170
31170103,umd,일산동,울산광역시 동구 일산동,31170
31170104,umd,전하동,울산광역시 동구 전하동,31170
31170105,umd,미포동,울산광역시 동구 미포동,31170
31170106,umd,주전동,울산광역시 동구 주전동,31170
31170107,umd,동부동,울산광역시 동구 동부동,31170
31170108,umd,서부동,울산광역시 동구 서부동,31170
31200101,umd,창평동,울산광역시 북구 창평동,31200
31200102,umd,호계동,울산광역시 북구 호계동,31200
31200103,umd,매곡동,울산광역시 북구 매곡동,31200
31200104,umd,가대동,울산광역시 북구 가대동,31200
31200105,umd,신천동,울산광역시 북구 신천동,31200
31200106,umd,중산동,울산광역시 북구 중산동,31200
31200107,umd,상안동,울산광역시 북구 상안동,31200
31200108,umd,천곡동,울산광역시 북구 천곡동,31200
31200109,umd,달천동,울산광역시 북구 달천동,31200
31200110,umd,시례동,울산광역시 북구 시례동,31200
31200111,umd,무룡동,울산광역시 북구 무룡동,31200
31200112,umd,구유동,울산광역시 북구 구유동,31200
31200113,umd,정자동,울산광역시 북구 정자동,31200
31200114,umd,신명동,울산광역시 북구 신명동,31200
31200115,umd,대안동,울산광역시 북구 대안동,31200
31200116,umd,당사동,울산광역시 북구 당사동,31200
31200117,umd,신현동,울산광역시 북구 신현동,31200
31200118,umd,산하동,울산광역시 북구 산하동,31200
31200119,umd,어물동,울산광역시 북구 어물동,31200
31200120,umd,명촌동,울산광역시 북구 명촌동,31200
31200121,umd,진장동,울산광역시 북구 진장동,31200
31200122,umd,연암동,울산광역시 북구 연암동,31200
31200123,umd,효문동,울산광역시 북구 효문동,31200
31200124,umd,양정동,울산광역시 북구 양정동,31200
31200125,umd,화봉동,울산광역시 북구 화봉동,31200
31200126,umd,송정동,울산광역시 북구 송정동,31200
31200127,umd,염포동,울산광역시 북구 염포동,31200
31710250,umd,온산읍,울산광역시 울주군 온산읍,31710
31710253,umd,언양읍,울산광역시 울주군 언양읍,31710
31710256,umd,온양읍,울산광역시 울주군 온양읍,31710
31710259,umd,범서읍,울산광역시 울주군 범서읍,31710
31710262,umd,청량읍,울산광역시 울주군 청량읍,31710
31710265,umd,삼남읍,울산광역시 울주군 삼남읍,31710
31710310,umd,서생면,울산광역시 울주군 서생면,31710
31710340,umd,웅촌면,울산광역시 울주군 웅촌면,31710
31710360,umd,두동면,울산광역시 울주군 두동면,31710
31710370,umd,두서면,울산광역시 울주군 두서면,31710
31710380,umd,상북면,울산광역시 울주군 상북면,31710
31710400,umd,삼동면,울산광역시 울주군 삼동면,31710
36110101,umd,반곡동,세종특별자치시 세종시 반곡동,36110
36110102,umd,소담동,세종특별자치시 세종시 소담동,36110
36110103,umd,보람동,세종특별자치시 세종시 보람동,36110
36110104,umd,대평동,세종특별자치시 세종시 대평동,36110
36110105,umd,가람동,세종특별자치시 세종시 가람동,36110
36110106,umd,한솔동,세종특별자치시 세종시 한솔동,36110
36110107,umd,나성동,세종특별자치시 세종시 나성동,36110
36110108,umd,새롬동,세종특별자치시 세종시 새롬동,36110
36110109,umd,다정동,세종특별자치시 세종시 다정동,36110
36110110,umd,어진동,세종특별자치시 세종시 어진동,36110
36110111,umd,종촌동,세종특별자치시 세종시 종촌동,36110
36110112,umd,고운동,세종특별자치시 세종시 고운동,36110
36110113,umd,아름동,세종특별자치시 세종시 아름동,36110
36110114,umd,도담동,세종특별자치시 세종시 도담동,36110
36110115,umd,산울동,세종특별자치시 세종시 산울동,36110
36110116,umd,해밀동,세종특별자치시 세종시 해밀동,36110
36110117,umd,합강동,세종특별자치시 세종시 합강동,36110
36110118,umd,집현동,세종특별자치시 세종시 집현동,36110
36110119,umd,세종동,세종특별자치시 세종시 세종동,36110
36110120,umd,누리동,세종특별자치시 세종시 누리동,36110
36110121,umd,한별동,세종특별자치시 세종시 한별동,36110
36110122,umd,다솜동,세종특별자치시 세종시 다솜동,36110
36110123,umd,용호동,세종특별자치시 세종시 용호동,36110
36110250,umd,조치원읍,세종특별자치시 세종시 조치원읍,36110
36110310,umd,연기면,세종특별자치시 세종시 연기면,36110
36110320,umd,연동면,세종특별자치시 세종시 연동면,36110
36110330,umd,부강면,세종특별자치시 세종시 부강면,36110
36110340,umd,금남면,세종특별자치시 세종시 금남면,36110
36110350,umd,장군면,세종특별자치시 세종시 장군면,36110
36110360,umd,연서면,세종특별자치시 세종시 연서면,36110
36110370,umd,전의면,세종특별자치시 세종시 전의면,36110
36110380,umd,전동면,세종특별자치시 세종시 전동면,36110
36110390,umd,소정면,세종특별자치시 세종시 소정면,36110
41111129,umd,파장동,경기도 수원시 장안구 파장동,41111
41111130,umd,정자동,경기도 수원시 장안구 정자동,41111
41111131,umd,이목동,경기도 수원시 장안구 이목동,41111
41111132,umd,율전동,경기도 수원시 장안구 율전동,41111
41111133,umd,천천동,경기도 수원시 장안구 천천동,41111
41111134,umd,영화동,경기도 수원시 장안구 영화동,41111
41111135,umd,송죽동,경기도 수원시 장안구 송죽동,41111
41111136,umd,조원동,경기도 수원시 장안구 조원동,41111
41111137,umd,연무동,경기도 수원시 장안구 연무동,41111
41111138,umd,상광교동,경기도 수원시 장안구 상광교동,41111
41111139,umd,하광교동,경기도 수원시 장안구 하광교동,41111
41113126,umd,세류동,경기도 수원시 권선구 세류동,41113
41113127,umd,평동,경기도 수원시 권선구 평동,41113
41113128,umd,고색동,경기도 수원시 권선구 고색동,41113
41113129,umd,오목천동,경기도 수원시 권선구 오목천동,41113
41113130,umd,평리동,경기도 수원시 권선구 평리동,41113
41113131,umd,서둔동,경기도 수원시 권선구 서둔동,41113
41113132,umd,구운동,경기도 수원시 권선구 구운동,41113
41113133,umd,탑동,경기도 수원시 권선구 탑동,41113
41113134,umd,금곡동,경기도 수원시 권선구 금곡동,41113
41113135,umd,호매실동,경기도 수원시 권선구 호매실동,41113
41113136,umd,곡반정동,경기도 수원시 권선구 곡반정동,41113
41113137,umd,권선동,경기도 수원시 권선구 권선동,41113
41113138,umd,장지동,경기도 수원시 권선구 장지동,41113
41113139,umd,대황교동,경기도 수원시 권선구 대황교동,41113
41113140,umd,입북동,경기도 수원시 권선구 입북동,41113
41113141,umd,당수동,경기도 수원시 권선구 당수동,41113
41115120,umd,팔달로1가,경기도 수원시 팔달구 팔달로1가,41115
41115121,umd,팔달로2가,경기도 수원시 팔달구 팔달로2가,41115
41115122,umd,팔달로3가,경기도 수원시 팔달구 팔달로3가,41115
41115123,umd,남창동,경기도 수원시 팔달구 남창동,41115
41115124,umd,영동,경기도 수원시 팔달구 영동,41115
41115125,umd,중동,경기도 수원시 팔달구 중동,41115
41115126,umd,구천동,경기도 수원시 팔달구 구천동,41115
41115127,umd,남수동,경기도 수원시 팔달구 남수동,41115
41115128,umd,매향동,경기도 수원시 팔달구 매향동,41115
41115129,umd,북수동,경기도 수원시 팔달구 북수동,41115
41115130,umd,신풍동,경기도 수원시 팔달구 신풍동,41115
41115131,umd,장안동,경기도 수원시 팔달구 장안동,41115
41115132,umd,교동,경기도 수원시 팔달구 교동,41115
41115133,umd,매교동,경기도 수원시 팔달구 매교동,41115
41115134,umd,매산로1가,경기도 수원시 팔달구 매산로1가,41115
41115135,umd,매산로2가,경기도 수원시 팔달구 매산로2가,41115
41115136,umd,매산로3가,경기도 수원시 팔달구 매산로3가,41115
41115137,umd,고등동,경기도 수원시 팔달구 고등동,41115
41115138,umd,화서동,경기도 수원시 팔달구 화서동,41115
41115139,umd,지동,경기도 수원시 팔달구 지동,41115
41115140,umd,우만동,경기도 수원시 팔달구 우만동,41115
41115141,umd,인계동,경기도 수원시 팔달구 인계동,41115
41117101,umd,매탄동,경기도 수원시 영통구 매탄동,41117
41117102,umd,원천동,경기도 수원시 영통구 원천동,41117
41117103,umd,이의동,경기도 수원시 영통구 이의동,41117
41117104,umd,하동,경기도 수원시 영통구 하동,41117
41117105,umd,영통동,경기도 수원시 영통구 영통동,41117
41117106,umd,신동,경기도 수원시 영통구 신동,41117
41117107,umd,망포동,경기도 수원시 영통구 망포동,41117
41131101,umd,신흥동,경기도 성남시 수정구 신흥동,41131
41131102,umd,태평동,경기도 성남시 수정구 태평동,41131
41131103,umd,수진동,경기도 성남시 수정구 수진동,41131
41131104,umd,단대동,경기도 성남시 수정구 단대동,41131
41131105,umd,산성동,경기도 성남시 수정구 산성동,41131
41131106,umd,양지동,경기도 성남시 수정구 양지동,41131
41131107,umd,복정동,경기도 성남시 수정구 복정동,41131
41131108,umd,창곡동,경기도 성남시 수정구 창곡동,41131
41131109,umd,신촌동,경기도 성남시 수정구 신촌동,41131
41131110,umd,오야동,경기도 성남시 수정구 오야동,41131
41131111,umd,심곡동,경기도 성남시 수정구 심곡동,41131
41131112,umd,고등동,경기도 성남시 수정구 고등동,41131
41131113,umd,상적동,경기도 성남시 수정구 상적동,41131
41131114,umd,둔전동,경기도 성남시 수정구 둔전동,41131
41131115,umd,시흥동,경기도 성남시 수정구 시흥동,41131
41131116,umd,금토동,경기도 성남시 수정구 금토동,41131
41131117,umd,사송동,경기도 성남시 수정구 사송동,41131
41133101,umd,성남동,경기도 성남시 중원구 성남동,41133
41133103,umd,금광동,경기도 성남시 중원구 금광동,41133
41133104,umd,은행동,경기도 성남시 중원구 은행동,41133
41133105,umd,상대원동,경기도 성남시 중원구 상대원동,41133
41133106,umd,여수동,경기도 성남시 중원구 여수동,41133
41133107,umd,도촌동,경기도 성남시 중원구 도촌동,41133
41133108,umd,갈현동,경기도 성남시 중원구 갈현동,41133
41133109,umd,하대원동,경기도 성남시 중원구 하대원동,41133
41133132,umd,중앙동,경기도 성남시 중원구 중앙동,41133
41135101,umd,분당동,경기도 성남시 분당구 분당동,41135
41135102,umd,수내동,경기도 성남시 분당구 수내동,41135
41135103,umd,정자동,경기도 성남시 분당구 정자동,41135
41135104,umd,율동,경기도 성남시 분당구 율동,41135
41135105,umd,서현동,경기도 성남시 분당구 서현동,41135
41135106,umd,이매동,경기도 성남시 분당구 이매동,41135
41135107,umd,야탑동,경기도 성남시 분당구 야탑동,41135
41135108,umd,판교동,경기도 성남시 분당구 판교동,41135
41135109,umd,삼평동,경기도 성남시 분당구 삼평동,41135
41135110,umd,백현동,경기도 성남시 분당구 백현동,41135
41135111,umd,금곡동,경기도 성남시 분당구 금곡동,41135
41135112,umd,궁내동,경기도 성남시 분당구 궁내동,41135
41135113,umd,동원동,경기도 성남시 분당구 동원동,41135
41135114,umd,구미동,경기도 성남시 분당구 구미동,41135
41135115,umd,운중동,경기도 성남시 분당구 운중동,41135
41135116,umd,대장동,경기도 성남시 분당구 대장동,41135
41135117,umd,석운동,경기도 성남시 분당구 석운동,41135
41135118,umd,하산운동,경기도 성남시 분당구 하산운동,41135
41150101,umd,의정부동,경기도 의정부시 의정부동,41150
41150102,umd,호원동,경기도 의정부시 호원동,41150
41150103,umd,장암동,경기도 의정부시 장암동,41150
41150104,umd,신곡동,경기도 의정부시 신곡동,41150
41150105,umd,용현동,경기도 의정부시 용현동,41150
41150106,umd,민락동,경기도 의정부시 민락동,41150
41150107,umd,낙양동,경기도 의정부시 낙양동,41150
41150108,umd,자일동,경기도 의정부시 자일동,41150
41150109,umd,금오동,경기도 의정부시 금오동,41150
41150110,umd,가능동,경기도 의정부시 가능동,41150
41150111,umd,녹양동,경기도 의정부시 녹양동,41150
41150112,umd,고산동,경기도 의정부시 고산동,41150
41150113,umd,산곡동,경기도 의정부시 산곡동,41150
41171101,umd,안양동,경기도 안양시 만안구 안양동,41171
41171102,umd,석수동,경기도 안양시 만안구 석수동,41171
41171103,umd,박달동,경기도 안양시 만안구 박달동,41171
41173101,umd,비산동,경기도 안양시 동안구 비산동,41173
41173102,umd,관양동,경기도 안양시 동안구 관양동,41173
41173103,umd,평촌동,경기도 안양시 동안구 평촌동,41173
41173104,umd,호계동,경기도 안양시 동안구 호계동,41173
41192101,umd,원미동,경기도 부천시 원미구 원미동,41192
41192102,umd,심곡동,경기도 부천시 원미구 심곡동,41192
41192103,umd,춘의동,경기도 부천시 원미구 춘의동,41192
41192104,umd,도당동,경기도 부천시 원미구 도당동,41192
41192105,umd,약대동,경기도 부천시 원미구 약대동,41192
41192106,umd,소사동,경기도 부천시 원미구 소사동,41192
41192107,umd,역곡동,경기도 부천시 원미구 역곡동,41192
41192108,umd,중동,경기도 부천시 원미구 중동,41192
41192109,umd,상동,경기도 부천시 원미구 상동,41192
41194101,umd,소사본동,경기도 부천시 소사구 소사본동,41194
41194102,umd,심곡본동,경기도 부천시 소사구 심곡본동,41194
41194103,umd,범박동,경기도 부천시 소사구 범박동,41194
41194104,umd,괴안동,경기도 부천시 소사구 괴안동,41194
41194105,umd,송내동,경기도 부천시 소사구 송내동,41194
41194106,umd,옥길동,경기도 부천시 소사구 옥길동,41194
41194107,umd,계수동,경기도 부천시 소사구 계수동,41194
41196101,umd,오정동,경기도 부천시 오정구 오정동,41196
41196102,umd,여월동,경기도 부천시 오정구 여월동,41196
41196103,umd,작동,경기도 부천시 오정구 작동,41196
41196104,umd,원종동,경기도 부천시 오정구 원종동,41196
41196105,umd,고강동,경기도 부천시 오정구 고강동,41196
41196106,umd,대장동,경기도 부천시 오정구 대장동,41196
41196107,umd,삼정동,경기도 부천시 오정구 삼정동,41196
41196108,umd,내동,경기도 부천시 오정구 내동,41196
41210101,umd,광명동,경기도 광명시 광명동,41210
41210102,umd,철산동,경기도 광명시 철산동,41210
41210103,umd,하안동,경기도 광명시 하안동,41210
41210104,umd,소하동,경기도 광명시 소하동,41210
41210105,umd,노온사동,경기도 광명시 노온사동,41210
41210106,umd,일직동,경기도 광명시 일직동,41210
41210107,umd,가학동,경기도 광명시 가학동,41210
41210108,umd,옥길동,경기도 광명시 옥길동,41210
41220101,umd,서정동,경기도 평택시 서정동,41220
41220102,umd,장당동,경기도 평택시 장당동,41220
41220103,umd,모곡동,경기도 평택시 모곡동,41220
41220104,umd,칠괴동,경기도 평택시 칠괴동,41220
41220105,umd,칠원동,경기도 평택시 칠원동,41220
41220106,umd,도일동,경기도 평택시 도일동,41220
41220107,umd,가재동,경기도 평택시 가재동,41220
41220108,umd,장안동,경기도 평택시 장안동,41220
41220109,umd,이충동,경기도 평택시 이충동,41220
41220110,umd,지산동,경기도 평택시 지산동,41220
41220111,umd,독곡동,경기도 평택시 독곡동,41220
41220112,umd,신장동,경기도 평택시 신장동,41220
41220113,umd,평택동,경기도 평택시 평택동,41220
41220114,umd,통복동,경기도 평택시 통복동,41220
41220115,umd,군문동,경기도 평택시 군문동,41220
41220116,umd,유천동,경기도 평택시 유천동,41220
41220117,umd,합정동,경기도 평택시 합정동,41220
41220118,umd,비전동,경기도 평택시 비전동,41220
41220119,umd,동삭동,경기도 평택시 동삭동,41220
41220120,umd,세교동,경기도 평택시 세교동,41220
41220121,umd,지제동,경기도 평택시 지제동,41220
41220122,umd,신대동,경기도 평택시 신대동,41220
41220123,umd,소사동,경기도 평택시 소사동,41220
41220124,umd,용이동,경기도 평택시 용이동,41220
41220125,umd,월곡동,경기도 평택시 월곡동,41220
41220126,umd,청룡동,경기도 평택시 청룡동,41220
41220127,umd,죽백동,경기도 평택시 죽백동,41220
41220128,umd,고덕동,경기도 평택시 고덕동,41220
41220250,umd,팽성읍,경기도 평택시 팽성읍,41220
41220253,umd,안중읍,경기도 평택시 안중읍,41220
41220256,umd,포승읍,경기도 평택시 포승읍,41220
41220259,umd,청북읍,경기도 평택시 청북읍,41220
41220310,umd,진위면,경기도 평택시 진위면,41220
41220320,umd,서탄면,경기도 평택시 서탄면,41220
41220330,umd,고덕면,경기도 평택시 고덕면,41220
41220340,umd,오성면,경기도 평택시 오성면,41220
41220370,umd,현덕면,경기도 평택시 현덕면,41220
41250101,umd,송내동,경기도 동두천시 송내동,41250
41250102,umd,지행동,경기도 동두천시 지행동,41250
41250103,umd,생연동,경기도 동두천시 생연동,41250
41250104,umd,광암동,경기도 동두천시 광암동,41250
41250105,umd,걸산동,경기도 동두천시 걸산동,41250
41250106,umd,보산동,경기도 동두천시 보산동,41250
41250107,umd,동두천동,경기도 동두천시 동두천동,41250
41250108,umd,안흥동,경기도 동두천시 안흥동,41250
41250109,umd,상봉암동,경기도 동두천시 상봉암동,41250
41250110,umd,하봉암동,경기도 동두천시 하봉암동,41250
41250111,umd,탑동동,경기도 동두천시 탑동동,41250
41250112,umd,상패동,경기도 동두천시 상패동,41250
41271101,umd,일동,경기도 안산시 상록구 일동,41271
41271102,umd,이동,경기도 안산시 상록구 이동,41271
41271103,umd,사동,경기도 안산시 상록구 사동,41271
41271104,umd,본오동,경기도 안산시 상록구 본오동,41271
41271105,umd,팔곡이동,경기도 안산시 상록구 팔곡이동,41271
41271106,umd,양상동,경기도 안산시 상록구 양상동,41271
41271107,umd,부곡동,경기도 안산시 상록구 부곡동,41271
41271108,umd,성포동,경기도 안산시 상록구 성포동,41271
41271109,umd,월피동,경기도 안산시 상록구 월피동,41271
41271110,umd,팔곡일동,경기도 안산시 상록구 팔곡일동,41271
41271111,umd,건건동,경기도 안산시 상록구 건건동,41271
41271112,umd,사사동,경기도 안산시 상록구 사사동,41271
41271113,umd,수암동,경기도 안산시 상록구 수암동,41271
41271114,umd,장상동,경기도 안산시 상록구 장상동,41271
41271115,umd,장하동,경기도 안산시 상록구 장하동,41271
41273101,umd,고잔동,경기도 안산시 단원구 고잔동,41273
41273102,umd,와동,경기도 안산시 단원구 와동,41273
41273103,umd,신길동,경기도 안산시 단원구 신길동,41273
41273104,umd,성곡동,경기도 안산시 단원구 성곡동,41273
41273105,umd,원시동,경기도 안산시 단원구 원시동,41273
41273106,umd,목내동,경기도 안산시 단원구 목내동,41273
41273107,umd,초지동,경기도 안산시 단원구 초지동,41273
41273108,umd,원곡동,경기도 안산시 단원구 원곡동,41273
41273109,umd,선부동,경기도 안산시 단원구 선부동,41273
41273110,umd,대부동동,경기도 안산시 단원구 대부동동,41273
41273111,umd,대부북동,경기도 안산시 단원구 대부북동,41273
41273112,umd,대부남동,경기도 안산시 단원구 대부남동,41273
41273113,umd,선감동,경기도 안산시 단원구 선감동,41273
41273114,umd,풍도동,경기도 안산시 단원구 풍도동,41273
41273115,umd,화정동,경기도 안산시 단원구 화정동,41273
41281101,umd,주교동,경기도 고양시 덕양구 주교동,41281
41281102,umd,원당동,경기도 고양시 덕양구 원당동,41281
41281103,umd,신원동,경기도 고양시 덕양구 신원동,41281
41281104,umd,원흥동,경기도 고양시 덕양구 원흥동,41281
41281105,umd,도내동,경기도 고양시 덕양구 도내동,41281
41281106,umd,성사동,경기도 고양시 덕양구 성사동,41281
41281107,umd,북한동,경기도 고양시 덕양구 북한동,41281
41281108,umd,효자동,경기도 고양시 덕양구 효자동,41281
41281109,umd,지축동,경기도 고양시 덕양구 지축동,41281
41281110,umd,오금동,경기도 고양시 덕양구 오금동,41281
41281111,umd,삼송동,경기도 고양시 덕양구 삼송동,41281
41281112,umd,동산동,경기도 고양시 덕양구 동산동,41281
41281113,umd,용두동,경기도 고양시 덕양구 용두동,41281
41281114,umd,벽제동,경기도 고양시 덕양구 벽제동,41281
41281115,umd,선유동,경기도 고양시 덕양구 선유동,41281
41281116,umd,고양동,경기도 고양시 덕양구 고양동,41281
41281117,umd,대자동,경기도 고양시 덕양구 대자동,41281
41281118,umd,관산동,경기도 고양시 덕양구 관산동,41281
41281119,umd,내유동,경기도 고양시 덕양구 내유동,41281
41281120,umd,토당동,경기도 고양시 덕양구 토당동,41281
41281121,umd,내곡동,경기도 고양시 덕양구 내곡동,41281
41281122,umd,대장동,경기도 고양시 덕양구 대장동,41281
41281123,umd,화정동,경기도 고양시 덕양구 화정동,41281
41281124,umd,강매동,경기도 고양시 덕양구 강매동,41281
41281125,umd,행주내동,경기도 고양시 덕양구 행주내동,41281
41281126,umd,행주외동,경기도 고양시 덕양구 행주외동,41281
41281127,umd,신평동,경기도 고양시 덕양구 신평동,41281
41281128,umd,행신동,경기도 고양시 덕양구 행신동,41281
41281129,umd,화전동,경기도 고양시 덕양구 화전동,41281
41281130,umd,현천동,경기도 고양시 덕양구 현천동,41281
41281131,umd,덕은동,경기도 고양시 덕양구 덕은동,41281
41281132,umd,향동동,경기도 고양시 덕양구 향동동,41281
41285101,umd,식사동,경기도 고양시 일산동구 식사동,41285
41285102,umd,중산동,경기도 고양시 일산동구 중산동,41285
41285103,umd,정발산동,경기도 고양시 일산동구 정발산동,41285
41285104,umd,장항동,경기도 고양시 일산동구 장항동,41285
41285105,umd,마두동,경기도 고양시 일산동구 마두동,41285
41285106,umd,백석동,경기도 고양시 일산동구 백석동,41285
41285107,umd,풍동,경기도 고양시 일산동구 풍동,41285
41285108,umd,산황동,경기도 고양시 일산동구 산황동,41285
41285109,umd,사리현동,경기도 고양시 일산동구 사리현동,41285
41285110,umd,지영동,경기도 고양시 일산동구 지영동,41285
41285111,umd,설문동,경기도 고양시 일산동구 설문동,41285
41285112,umd,문봉동,경기도 고양시 일산동구 문봉동,41285
41285113,umd,성석동,경기도 고양시 일산동구 성석동,41285
41287101,umd,일산동,경기도 고양시 일산서구 일산동,41287
41287102,umd,주엽동,경기도 고양시 일산서구 주엽동,41287
41287103,umd,탄현동,경기도 고양시 일산서구 탄현동,41287
41287104,umd,대화동,경기도 고양시 일산서구 대화동,41287
41287105,umd,덕이동,경기도 고양시 일산서구 덕이동,41287
41287106,umd,가좌동,경기도 고양시 일산서구 가좌동,41287
41287107,umd,구산동,경기도 고양시 일산서구 구산동,41287
41287108,umd,법곳동,경기도 고양시 일산서구 법곳동,41287
41290101,umd,관문동,경기도 과천시 관문동,41290
41290102,umd,문원동,경기도 과천시 문원동,41290
41290103,umd,갈현동,경기도 과천시 갈현동,41290
41290104,umd,막계동,경기도 과천시 막계동,41290
41290105,umd,과천동,경기도 과천시 과천동,41290
41290106,umd,주암동,경기도 과천시 주암동,41290
41290107,umd,중앙동,경기도 과천시 중앙동,41290
41290108,umd,원문동,경기도 과천시 원문동,41290
41290109,umd,별양동,경기도 과천시 별양동,41290
41290110,umd,부림동,경기도 과천시 부림동,41290
41310101,umd,갈매동,경기도 구리시 갈매동,41310
41310102,umd,사노동,경기도 구리시 사노동,41310
41310103,umd,인창동,경기도 구리시 인창동,41310
41310104,umd,교문동,경기도 구리시 교문동,41310
41310105,umd,수택동,경기도 구리시 수택동,41310
41310106,umd,아천동,경기도 구리시 아천동,41310
41310107,umd,토평동,경기도 구리시 토평동,41310
41360101,umd,호평동,경기도 남양주시 호평동,41360
41360102,umd,평내동,경기도 남양주시 평내동,41360
41360103,umd,금곡동,경기도 남양주시 금곡동,41360
41360104,umd,일패동,경기도 남양주시 일패동,41360
41360105,umd,이패동,경기도 남양주시 이패동,41360
41360106,umd,삼패동,경기도 남양주시 삼패동,41360
41360108,umd,수석동,경기도 남양주시 수석동,41360
41360109,umd,지금동,경기도 남양주시 지금동,41360
41360110,umd,도농동,경기도 남양주시 도농동,41360
41360111,umd,별내동,경기도 남양주시 별내동,41360
41360112,umd,다산동,경기도 남양주시 다산동,41360
41360250,umd,와부읍,경기도 남양주시 와부읍,41360
41360253,umd,진접읍,경기도 남양주시 진접읍,41360
41360256,umd,화도읍,경기도 남양주시 화도읍,41360
41360259,umd,진건읍,경기도 남양주시 진건읍,41360
41360262,umd,오남읍,경기도 남양주시 오남읍,41360
41360265,umd,퇴계원읍,경기도 남양주시 퇴계원읍,41360
41360310,umd,별내면,경기도 남양주시 별내면,41360
41360340,umd,수동면,경기도 남양주시 수동면,41360
41360360,umd,조안면,경기도 남양주시 조안면,41360
41370101,umd,오산동,경기도 오산시 오산동,41370
41370102,umd,부산동,경기도 오산시 부산동,41370
41370103,umd,원동,경기도 오산시 원동,41370
41370104,umd,궐동,경기도 오산시 궐동,41370
41370105,umd,청학동,경기도 오산시 청학동,41370
41370106,umd,가장동,경기도 오산시 가장동,41370
41370107,umd,금암동,경기도 오산시 금암동,41370
41370108,umd,수청동,경기도 오산시 수청동,41370
41370109,umd,은계동,경기도 오산시 은계동,41370
41370110,umd,내삼미동,경기도 오산시 내삼미동,41370
41370111,umd,외삼미동,경기도 오산시 외삼미동,41370
41370112,umd,양산동,경기도 오산시 양산동,41370
41370113,umd,세교동,경기도 오산시 세교동,41370
41370114,umd,지곶동,경기도 오산시 지곶동,41370
41370115,umd,서랑동,경기도 오산시 서랑동,41370
41370116,umd,서동,경기도 오산시 서동,41370
41370117,umd,벌음동,경기도 오산시 벌음동,41370
41370118,umd,두곡동,경기도 오산시 두곡동,41370
41370119,umd,탑동,경기도 오산시 탑동,41370
41370120,umd,누읍동,경기도 오산시 누읍동,41370
41370121,umd,가수동,경기도 오산시 가수동,41370
41370122,umd,고현동,경기도 오산시 고현동,41370
41370123,umd,청호동,경기도 오산시 청호동,41370
41370124,umd,갈곶동,경기도 오산시 갈곶동,41370
41390101,umd,대야동,경기도 시흥시 대야동,41390
41390102,umd,신천동,경기도 시흥시 신천동,41390
41390103,umd,방산동,경기도 시흥시 방산동,41390
41390104,umd,포동,경기도 시흥시 포동,41390
41390105,umd,미산동,경기도 시흥시 미산동,41390
41390106,umd,은행동,경기도 시흥시 은행동,41390
41390107,umd,안현동,경기도 시흥시 안현동,41390
41390108,umd,매화동,경기도 시흥시 매화동,41390
41390109,umd,도창동,경기도 시흥시 도창동,41390
41390110,umd,금이동,경기도 시흥시 금이동,41390
41390112,umd,과림동,경기도 시흥시 과림동,41390
41390113,umd,계수동,경기도 시흥시 계수동,41390
41390117,umd,화정동,경기도 시흥시 화정동,41390
41390118,umd,능곡동,경기도 시흥시 능곡동,41390
41390119,umd,하중동,경기도 시흥시 하중동,41390
41390120,umd,하상동,경기도 시흥시 하상동,41390
41390121,umd,광석동,경기도 시흥시 광석동,41390
41390122,umd,물왕동,경기도 시흥시 물왕동,41390
41390123,umd,산현동,경기도 시흥시 산현동,41390
41390124,umd,조남동,경기도 시흥시 조남동,41390
41390125,umd,논곡동,경기도 시흥시 논곡동,41390
41390126,umd,목감동,경기도 시흥시 목감동,41390
41390127,umd,거모동,경기도 시흥시 거모동,41390
41390128,umd,군자동,경기도 시흥시 군자동,41390
41390129,umd,장현동,경기도 시흥시 장현동,41390
41390130,umd,장곡동,경기도 시흥시 장곡동,41390
41390131,umd,월곶동,경기도 시흥시 월곶동,41390
41390132,umd,정왕동,경기도 시흥시 정왕동,41390
41390133,umd,죽율동,경기도 시흥시 죽율동,41390
41390134,umd,무지내동,경기도 시흥시 무지내동,41390
41390135,umd,배곧동,경기도 시흥시 배곧동,41390
41410101,umd,당동,경기도 군포시 당동,41410
41410102,umd,당정동,경기도 군포시 당정동,41410
41410103,umd,부곡동,경기도 군포시 부곡동,41410
41410104,umd,산본동,경기도 군포시 산본동,41410
41410105,umd,금정동,경기도 군포시 금정동,41410
41410106,umd,둔대동,경기도 군포시 둔대동,41410
41410107,umd,속달동,경기도 군포시 속달동,41410
41410108,umd,대야미동,경기도 군포시 대야미동,41410
41410109,umd,도마교동,경기도 군포시 도마교동,41410
41430101,umd,고천동,경기도 의왕시 고천동,41430
41430102,umd,이동,경기도 의왕시 이동,41430
41430103,umd,삼동,경기도 의왕시 삼동,41430
41430104,umd,왕곡동,경기도 의왕시 왕곡동,41430
41430105,umd,오전동,경기도 의왕시 오전동,41430
41430106,umd,학의동,경기도 의왕시 학의동,41430
41430107,umd,내손동,경기도 의왕시 내손동,41430
41430108,umd,청계동,경기도 의왕시 청계동,41430
41430109,umd,포일동,경기도 의왕시 포일동,41430
41430110,umd,월암동,경기도 의왕시 월암동,41430
41430111,umd,초평동,경기도 의왕시 초평동,41430
41450101,umd,천현동,경기도 하남시 천현동,41450
41450102,umd,하산곡동,경기도 하남시 하산곡동,41450
41450103,umd,창우동,경기도 하남시 창우동,41450
41450104,umd,배알미동,경기도 하남시 배알미동,41450
41450105,umd,상산곡동,경기도 하남시 상산곡동,41450
41450106,umd,신장동,경기도 하남시 신장동,41450
41450107,umd,당정동,경기도 하남시 당정동,41450
41450108,umd,덕풍동,경기도 하남시 덕풍동,41450
41450109,umd,망월동,경기도 하남시 망월동,41450
41450110,umd,풍산동,경기도 하남시 풍산동,41450
41450111,umd,미사동,경기도 하남시 미사동,41450
41450112,umd,선동,경기도 하남시 선동,41450
41450113,umd,감북동,경기도 하남시 감북동,41450
41450114,umd,감일동,경기도 하남시 감일동,41450
41450115,umd,감이동,경기도 하남시 감이동,41450
41450116,umd,학암동,경기도 하남시 학암동,41450
41450117,umd,교산동,경기도 하남시 교산동,41450
41450118,umd,춘궁동,경기도 하남시 춘궁동,41450
41450119,umd,하사창동,경기도 하남시 하사창동,41450
41450120,umd,상사창동,경기도 하남시 상사창동,41450
41450121,umd,항동,경기도 하남시 항동,41450
41450122,umd,초일동,경기도 하남시 초일동,41450
41450123,umd,초이동,경기도 하남시 초이동,41450
41450124,umd,광암동,경기도 하남시 광암동,41450
41461101,umd,김량장동,경기도 용인시 처인구 김량장동,41461
41461102,umd,역북동,경기도 용인시 처인구 역북동,41461
41461103,umd,삼가동,경기도 용인시 처인구 삼가동,41461
41461104,umd,남동,경기도 용인시 처인구 남동,41461
41461105,umd,유방동,경기도 용인시 처인구 유방동,41461
41461106,umd,고림동,경기도 용인시 처인구 고림동,41461
41461107,umd,마평동,경기도 용인시 처인구 마평동,41461
41461108,umd,운학동,경기도 용인시 처인구 운학동,41461
41461109,umd,호동,경기도 용인시 처인구 호동,41461
41461110,umd,해곡동,경기도 용인시 처인구 해곡동,41461
41461250,umd,포곡읍,경기도 용인시 처인구 포곡읍,41461
41461253,umd,모현읍,경기도 용인시 처인구 모현읍,41461
41461256,umd,이동읍,경기도 용인시 처인구 이동읍,41461
41461259,umd,남사읍,경기도 용인시 처인구 남사읍,41461
41461340,umd,원삼면,경기도 용인시 처인구 원삼면,41461
41461350,umd,백암면,경기도 용인시 처인구 백암면,41461
41461360,umd,양지면,경기도 용인시 처인구 양지면,41461
41463101,umd,신갈동,경기도 용인시 기흥구 신갈동,41463
41463102,umd,구갈동,경기도 용인시 기흥구 구갈동,41463
41463103,umd,상갈동,경기도 용인시 기흥구 상갈동,41463
41463104,umd,하갈동,경기도 용인시 기흥구 하갈동,41463
41463105,umd,보라동,경기도 용인시 기흥구 보라동,41463
41463106,umd,지곡동,경기도 용인시 기흥구 지곡동,41463
41463107,umd,공세동,경기도 용인시 기흥구 공세동,41463
41463108,umd,고매동,경기도 용인시 기흥구 고매동,41463
41463109,umd,농서동,경기도 용인시 기흥구 농서동,41463
41463110,umd,서천동,경기도 용인시 기흥구 서천동,41463
41463111,umd,영덕동,경기도 용인시 기흥구 영덕동,41463
41463112,umd,언남동,경기도 용인시 기흥구 언남동,41463
41463113,umd,마북동,경기도 용인시 기흥구 마북동,41463
41463114,umd,청덕동,경기도 용인시 기흥구 청덕동,41463
41463115,umd,동백동,경기도 용인시 기흥구 동백동,41463
41463116,umd,중동,경기도 용인시 기흥구 중동,41463
41463117,umd,상하동,경기도 용인시 기흥구 상하동,41463
41463118,umd,보정동,경기도 용인시 기흥구 보정동,41463
41465101,umd,풍덕천동,경기도 용인시 수지구 풍덕천동,41465
41465102,umd,죽전동,경기도 용인시 수지구 죽전동,41465
41465103,umd,동천동,경기도 용인시 수지구 동천동,41465
41465104,umd,고기동,경기도 용인시 수지구 고기동,41465
41465105,umd,신봉동,경기도 용인시 수지구 신봉동,41465
41465106,umd,성복동,경기도 용인시 수지구 성복동,41465
41465107,umd,상현동,경기도 용인시 수지구 상현동,41465
41480101,umd,금촌동,경기도 파주시 금촌동,41480
41480102,umd,아동동,경기도 파주시 아동동,41480
41480104,umd,야동동,경기도 파주시 야동동,41480
41480105,umd,검산동,경기도 파주시 검산동,41480
41480106,umd,맥금동,경기도 파주시 맥금동,41480
41480107,umd,교하동,경기도 파주시 교하동,41480
41480108,umd,야당동,경기도 파주시 야당동,41480
41480109,umd,다율동,경기도 파주시 다율동,41480
41480110,umd,오도동,경기도 파주시 오도동,41480
41480111,umd,상지석동,경기도 파주시 상지석동,41480
41480112,umd,산남동,경기도 파주시 산남동,41480
41480113,umd,동패동,경기도 파주시 동패동,41480
41480114,umd,당하동,경기도 파주시 당하동,41480
41480115,umd,문발동,경기도 파주시 문발동,41480
41480116,umd,송촌동,경기도 파주시 송촌동,41480
41480117,umd,목동동,경기도 파주시 목동동,41480
41480118,umd,하지석동,경기도 파주시 하지석동,41480
41480119,umd,서패동,경기도 파주시 서패동,41480
41480120,umd,신촌동,경기도 파주시 신촌동,41480
41480121,umd,연다산동,경기도 파주시 연다산동,41480
41480122,umd,와동동,경기도 파주시 와동동,41480
41480123,umd,금릉동,경기도 파주시 금릉동,41480
41480250,umd,문산읍,경기도 파주시 문산읍,41480
41480253,umd,파주읍,경기도 파주시 파주읍,41480
41480256,umd,법원읍,경기도 파주시 법원읍,41480
41480262,umd,조리읍,경기도 파주시 조리읍,41480
41480310,umd,월롱면,경기도 파주시 월롱면,41480
41480320,umd,탄현면,경기도 파주시 탄현면,41480
41480350,umd,광탄면,경기도 파주시 광탄면,41480
41480360,umd,파평면,경기도 파주시 파평면,41480
41480370,umd,적성면,경기도 파주시 적성면,41480
41480380,umd,군내면,경기도 파주시 군내면,41480
41480390,umd,장단면,경기도 파주시 장단면,41480
41480400,umd,진동면,경기도 파주시 진동면,41480
41480410,umd,진서면,경기도 파주시 진서면,41480
41500101,umd,창전동,경기도 이천시 창전동,41500
41500102,umd,관고동,경기도 이천시 관고동,41500
41500103,umd,중리동,경기도 이천시 중리동,41500
41500104,umd,증일동,경기도 이천시 증일동,41500
41500105,umd,율현동,경기도 이천시 율현동,41500
41500106,umd,진리동,경기도 이천시 진리동,41500
41500107,umd,안흥동,경기도 이천시 안흥동,41500
41500108,umd,갈산동,경기도 이천시 갈산동,41500
41500109,umd,증포동,경기도 이천시 증포동,41500
41500110,umd,송정동,경기도 이천시 송정동,41500
41500111,umd,사음동,경기도 이천시 사음동,41500
41500112,umd,단월동,경기도 이천시 단월동,41500
41500113,umd,대포동,경기도 이천시 대포동,41500
41500114,umd,고담동,경기도 이천시 고담동,41500
41500115,umd,장록동,경기도 이천시 장록동,41500
41500250,umd,장호원읍,경기도 이천시 장호원읍,41500
41500253,umd,부발읍,경기도 이천시 부발읍,41500
41500310,umd,신둔면,경기도 이천시 신둔면,41500
41500320,umd,백사면,경기도 이천시 백사면,41500
41500330,umd,호법면,경기도 이천시 호법면,41500
41500340,umd,마장면,경기도 이천시 마장면,41500
41500350,umd,대월면,경기도 이천시 대월면,41500
41500360,umd,모가면,경기도 이천시 모가면,41500
41500370,umd,설성면,경기도 이천시 설성면,41500
41500380,umd,율면,경기도 이천시 율면,41500
41550101,umd,봉산동,경기도 안성시 봉산동,41550
41550102,umd,숭인동,경기도 안성시 숭인동,41550
41550103,umd,영동,경기도 안성시 영동,41550
41550104,umd,봉남동,경기도 안성시 봉남동,41550
41550105,umd,구포동,경기도 안성시 구포동,41550
41550106,umd,동본동,경기도 안성시 동본동,41550
41550107,umd,명륜동,경기도 안성시 명륜동,41550
41550108,umd,옥천동,경기도 안성시 옥천동,41550
41550109,umd,낙원동,경기도 안성시 낙원동,41550
41550110,umd,창전동,경기도 안성시 창전동,41550
41550111,umd,성남동,경기도 안성시 성남동,41550
41550112,umd,신흥동,경기도 안성시 신흥동,41550
41550113,umd,인지동,경기도 안성시 인지동,41550
41550114,umd,금산동,경기도 안성시 금산동,41550
41550115,umd,연지동,경기도 안성시 연지동,41550
41550116,umd,대천동,경기도 안성시 대천동,41550
41550117,umd,서인동,경기도 안성시 서인동,41550
41550118,umd,석정동,경기도 안성시 석정동,41550
41550119,umd,아양동,경기도 안성시 아양동,41550
41550120,umd,금석동,경기도 안성시 금석동,41550
41550121,umd,계동,경기도 안성시 계동,41550
41550122,umd,옥산동,경기도 안성시 옥산동,41550
41550123,umd,사곡동,경기도 안성시 사곡동,41550
41550124,umd,도기동,경기도 안성시 도기동,41550
41550125,umd,당왕동,경기도 안성시 당왕동,41550
41550126,umd,가사동,경기도 안성시 가사동,41550
41550127,umd,가현동,경기도 안성시 가현동,41550
41550128,umd,신건지동,경기도 안성시 신건지동,41550
41550129,umd,신소현동,경기도 안성시 신소현동,41550
41550130,umd,신모산동,경기도 안성시 신모산동,41550
41550131,umd,현수동,경기도 안성시 현수동,41550
41550132,umd,발화동,경기도 안성시 발화동,41550
41550133,umd,중리동,경기도 안성시 중리동,41550
41550250,umd,공도읍,경기도 안성시 공도읍,41550
41550310,umd,보개면,경기도 안성시 보개면,41550
41550320,umd,금광면,경기도 안성시 금광면,41550
41550330,umd,서운면,경기도 안성시 서운면,41550
41550340,umd,미양면,경기도 안성시 미양면,41550
41550350,umd,대덕면,경기도 안성시 대덕면,41550
41550360,umd,양성면,경기도 안성시 양성면,41550
41550380,umd,원곡면,경기도 안성시 원곡면,41550
41550390,umd,일죽면,경기도 안성시 일죽면,41550
41550400,umd,죽산면,경기도 안성시 죽산면,41550
41550410,umd,삼죽면,경기도 안성시 삼죽면,41550
41550420,umd,고삼면,경기도 안성시 고삼면,41550
41570101,umd,북변동,경기도 김포시 북변동,41570
41570102,umd,걸포동,경기도 김포시 걸포동,41570
41570103,umd,운양동,경기도 김포시 운양동,41570
41570104,umd,장기동,경기도 김포시 장기동,41570
41570105,umd,감정동,경기도 김포시 감정동,41570
41570106,umd,사우동,경기도 김포시 사우동,41570
41570107,umd,풍무동,경기도 김포시 풍무동,41570
41570108,umd,마산동,경기도 김포시 마산동,41570
41570109,umd,구래동,경기도 김포시 구래동,41570
41570250,umd,통진읍,경기도 김포시 통진읍,41570
41570253,umd,고촌읍,경기도 김포시 고촌읍,41570
41570256,umd,양촌읍,경기도 김포시 양촌읍,41570
41570340,umd,대곶면,경기도 김포시 대곶면,41570
41570350,umd,월곶면,경기도 김포시 월곶면,41570
41570360,umd,하성면,경기도 김포시 하성면,41570
41591101,umd,새솔동,경기도 화성시 만세구 새솔동,41591
41591250,umd,우정읍,경기도 화성시 만세구 우정읍,41591
41591253,umd,향남읍,경기도 화성시 만세구 향남읍,41591
41591256,umd,남양읍,경기도 화성시 만세구 남양읍,41591
41591310,umd,마도면,경기도 화성시 만세구 마도면,41591
41591320,umd,송산면,경기도 화성시 만세구 송산면,41591
41591330,umd,서신면,경기도 화성시 만세구 서신면,41591
41591340,umd,팔탄면,경기도 화성시 만세구 팔탄면,41591
41591350,umd,장안면,경기도 화성시 만세구 장안면,41591
41591360,umd,양감면,경기도 화성시 만세구 양감면,41591
41593101,umd,배양동,경기도 화성시 효행구 배양동,41593
41593102,umd,기안동,경기도 화성시 효행구 기안동,41593
41593250,umd,봉담읍,경기도 화성시 효행구 봉담읍,41593
41593310,umd,매송면,경기도 화성시 효행구 매송면,41593
41593320,umd,비봉면,경기도 화성시 효행구 비봉면,41593
41593330,umd,정남면,경기도 화성시 효행구 정남면,41593
41595101,umd,진안동,경기도 화성시 병점구 진안동,41595
41595102,umd,병점동,경기도 화성시 병점구 병점동,41595
41595103,umd,능동,경기도 화성시 병점구 능동,41595
41595104,umd,기산동,경기도 화성시 병점구 기산동,41595
41595105,umd,반월동,경기도 화성시 병점구 반월동,41595
41595106,umd,반정동,경기도 화성시 병점구 반정동,41595
41595107,umd,황계동,경기도 화성시 병점구 황계동,41595
41595108,umd,송산동,경기도 화성시 병점구 송산동,41595
41595109,umd,안녕동,경기도 화성시 병점구 안녕동,41595
41597102,umd,반송동,경기도 화성시 동탄구 반송동,41597
41597103,umd,석우동,경기도 화성시 동탄구 석우동,41597
41597105,umd,청계동,경기도 화성시 동탄구 청계동,41597
41597106,umd,영천동,경기도 화성시 동탄구 영천동,41597
41597107,umd,중동,경기도 화성시 동탄구 중동,41597
41597108,umd,신동,경기도 화성시 동탄구 신동,41597
41597109,umd,목동,경기도 화성시 동탄구 목동,41597
41597110,umd,산척동,경기도 화성시 동탄구 산척동,41597
41597111,umd,장지동,경기도 화성시 동탄구 장지동,41597
41597112,umd,송동,경기도 화성시 동탄구 송동,41597
41597113,umd,방교동,경기도 화성시 동탄구 방교동,41597
41597114,umd,금곡동,경기도 화성시 동탄구 금곡동,41597
41597115,umd,여울동,경기도 화성시 동탄구 여울동,41597
41610101,umd,경안동,경기도 광주시 경안동,41610
41610102,umd,쌍령동,경기도 광주시 쌍령동,41610
41610103,umd,송정동,경기도 광주시 송정동,41610
41610104,umd,회덕동,경기도 광주시 회덕동,41610
41610105,umd,탄벌동,경기도 광주시 탄벌동,41610
41610106,umd,목현동,경기도 광주시 목현동,41610
41610107,umd,삼동,경기도 광주시 삼동,41610
41610108,umd,중대동,경기도 광주시 중대동,41610
41610109,umd,직동,경기도 광주시 직동,41610
41610110,umd,태전동,경기도 광주시 태전동,41610
41610111,umd,장지동,경기도 광주시 장지동,41610
41610112,umd,역동,경기도 광주시 역동,41610
41610113,umd,목동,경기도 광주시 목동,41610
41610114,umd,고산동,경기도 광주시 고산동,41610
41610115,umd,신현동,경기도 광주시 신현동,41610
41610116,umd,능평동,경기도 광주시 능평동,41610
41610117,umd,문형동,경기도 광주시 문형동,41610
41610118,umd,추자동,경기도 광주시 추자동,41610
41610119,umd,매산동,경기도 광주시 매산동,41610
41610120,umd,양벌동,경기도 광주시 양벌동,41610
41610253,umd,초월읍,경기도 광주시 초월읍,41610
41610259,umd,곤지암읍,경기도 광주시 곤지암읍,41610
41610330,umd,도척면,경기도 광주시 도척면,41610
41610340,umd,퇴촌면,경기도 광주시 퇴촌면,41610
41610350,umd,남종면,경기도 광주시 남종면,41610
41610370,umd,남한산성면,경기도 광주시 남한산성면,41610
41630101,umd,유양동,경기도 양주시 유양동,41630
41630102,umd,어둔동,경기도 양주시 어둔동,41630
41630103,umd,남방동,경기도 양주시 남방동,41630
41630104,umd,마전동,경기도 양주시 마전동,41630
41630105,umd,산북동,경기도 양주시 산북동,41630
41630106,umd,광사동,경기도 양주시 광사동,41630
41630107,umd,만송동,경기도 양주시 만송동,41630
41630108,umd,삼숭동,경기도 양주시 삼숭동,41630
41630109,umd,고읍동,경기도 양주시 고읍동,41630
41630110,umd,덕정동,경기도 양주시 덕정동,41630
41630111,umd,봉양동,경기도 양주시 봉양동,41630
41630112,umd,회암동,경기도 양주시 회암동,41630
41630113,umd,율정동,경기도 양주시 율정동,41630
41630114,umd,옥정동,경기도 양주시 옥정동,41630
41630115,umd,고암동,경기도 양주시 고암동,41630
41630116,umd,덕계동,경기도 양주시 덕계동,41630
41630117,umd,회정동,경기도 양주시 회정동,41630
41630250,umd,백석읍,경기도 양주시 백석읍,41630
41630310,umd,은현면,경기도 양주시 은현면,41630
41630320,umd,남면,경기도 양주시 남면,41630
41630330,umd,광적면,경기도 양주시 광적면,41630
41630340,umd,장흥면,경기도 양주시 장흥면,41630
41650101,umd,신읍동,경기도 포천시 신읍동,41650
41650102,umd,어룡동,경기도 포천시 어룡동,41650
41650103,umd,자작동,경기도 포천시 자작동,41650
41650104,umd,선단동,경기도 포천시 선단동,41650
41650105,umd,설운동,경기도 포천시 설운동,41650
41650106,umd,동교동,경기도 포천시 동교동,41650
41650250,umd,소흘읍,경기도 포천시 소흘읍,41650
41650310,umd,군내면,경기도 포천시 군내면,41650
41650320,umd,내촌면,경기도 포천시 내촌면,41650
41650330,umd,가산면,경기도 포천시 가산면,41650
41650340,umd,신북면,경기도 포천시 신북면,41650
41650350,umd,창수면,경기도 포천시 창수면,41650
41650360,umd,영중면,경기도 포천시 영중면,41650
41650370,umd,일동면,경기도 포천시 일동면,41650
41650380,umd,이동면,경기도 포천시 이동면,41650
41650390,umd,영북면,경기도 포천시 영북면,41650
41650400,umd,관인면,경기도 포천시 관인면,41650
41650410,umd,화현면,경기도 포천시 화현면,41650
41670101,umd,상동,경기도 여주시 상동,41670
41670102,umd,홍문동,경기도 여주시 홍문동,41670
41670103,umd,창동,경기도 여주시 창동,41670
41670104,umd,우만동,경기도 여주시 우만동,41670
41670105,umd,단현동,경기도 여주시 단현동,41670
41670106,umd,신진동,경기도 여주시 신진동,41670
41670107,umd,하동,경기도 여주시 하동,41670
41670108,umd,교동,경기도 여주시 교동,41670
41670109,umd,월송동,경기도 여주시 월송동,41670
41670110,umd,가업동,경기도 여주시 가업동,41670
41670111,umd,연라동,경기도 여주시 연라동,41670
41670112,umd,상거동,경기도 여주시 상거동,41670
41670113,umd,하거동,경기도 여주시 하거동,41670
41670114,umd,삼교동,경기도 여주시 삼교동,41670
41670115,umd,점봉동,경기도 여주시 점봉동,41670
41670116,umd,능현동,경기도 여주시 능현동,41670
41670117,umd,멱곡동,경기도 여주시 멱곡동,41670
41670118,umd,연양동,경기도 여주시 연양동,41670
41670119,umd,매룡동,경기도 여주시 매룡동,41670
41670120,umd,천송동,경기도 여주시 천송동,41670
41670121,umd,오학동,경기도 여주시 오학동,41670
41670122,umd,현암동,경기도 여주시 현암동,41670
41670123,umd,오금동,경기도 여주시 오금동,41670
41670250,umd,가남읍,경기도 여주시 가남읍,41670
41670310,umd,점동면,경기도 여주시 점동면,41670
41670320,umd,흥천면,경기도 여주시 흥천면,41670
41670330,umd,금사면,경기도 여주시 금사면,41670
41670345,umd,세종대왕면,경기도 여주시 세종대왕면,41670
41670350,umd,대신면,경기도 여주시 대신면,41670
41670360,umd,북내면,경기도 여주시 북내면,41670
41670370,umd,강천면,경기도 여주시 강천면,41670
41670380,umd,산북면,경기도 여주시 산북면,41670
41800250,umd,연천읍,경기도 연천군 연천읍,41800
41800253,umd,전곡읍,경기도 연천군 전곡읍,41800
41800310,umd,군남면,경기도 연천군 군남면,41800
41800320,umd,청산면,경기도 연천군 청산면,41800
41800330,umd,백학면,경기도 연천군 백학면,41800
41800340,umd,미산면,경기도 연천군 미산면,41800
41800350,umd,왕징면,경기도 연천군 왕징면,41800
41800360,umd,신서면,경기도 연천군 신서면,41800
41800370,umd,중면,경기도 연천군 중면,41800
41800380,umd,장남면,경기도 연천군 장남면,41800
41820250,umd,가평읍,경기도 가평군 가평읍,41820
41820310,umd,설악면,경기도 가평군 설악면,41820
41820325,umd,청평면,경기도 가평군 청평면,41820
41820330,umd,상면,경기도 가평군 상면,41820
41820345,umd,조종면,경기도 가평군 조종면,41820
41820350,umd,북면,경기도 가평군 북면,41820
41830250,umd,양평읍,경기도 양평군 양평읍,41830
41830310,umd,강상면,경기도 양평군 강상면,41830
41830320,umd,강하면,경기도 양평군 강하면,41830
41830330,umd,양서면,경기도 양평군 양서면,41830
41830340,umd,옥천면,경기도 양평군 옥천면,41830
41830350,umd,서종면,경기도 양평군 서종면,41830
41830360,umd,단월면,경기도 양평군 단월면,41830
41830370,umd,청운면,경기도 양평군 청운면,41830
41830380,umd,양동면,경기도 양평군 양동면,41830
41830395,umd,지평면,경기도 양평군 지평면,41830
41830400,umd,용문면,경기도 양평군 용문면,41830
41830410,umd,개군면,경기도 양평군 개군면,41830
43111101,umd,영동,충청북도 청주시 상당구 영동,43111
43111102,umd,북문로1가,충청북도 청주시 상당구 북문로1가,43111
43111103,umd,북문로2가,충청북도 청주시 상당구 북문로2가,43111
43111104,umd,북문로3가,충청북도 청주시 상당구 북문로3가,43111
43111105,umd,남문로1가,충청북도 청주시 상당구 남문로1가,43111
43111106,umd,남문로2가,충청북도 청주시 상당구 남문로2가,43111
43111107,umd,문화동,충청북도 청주시 상당구 문화동,43111
43111108,umd,서운동,충청북도 청주시 상당구 서운동,43111
43111109,umd,서문동,충청북도 청주시 상당구 서문동,43111
43111110,umd,남주동,충청북도 청주시 상당구 남주동,43111
43111111,umd,석교동,충청북도 청주시 상당구 석교동,43111
43111112,umd,수동,충청북도 청주시 상당구 수동,43111
43111117,umd,탑동,충청북도 청주시 상당구 탑동,43111
43111118,umd,대성동,충청북도 청주시 상당구 대성동,43111
43111119,umd,영운동,충청북도 청주시 상당구 영운동,43111
43111120,umd,금천동,충청북도 청주시 상당구 금천동,43111
43111121,umd,용담동,충청북도 청주시 상당구 용담동,43111
43111122,umd,명암동,충청북도 청주시 상당구 명암동,43111
43111123,umd,산성동,충청북도 청주시 상당구 산성동,43111
43111124,umd,용암동,충청북도 청주시 상당구 용암동,43111
43111125,umd,용정동,충청북도 청주시 상당구 용정동,43111
43111126,umd,방서동,충청북도 청주시 상당구 방서동,43111
43111127,umd,평촌동,충청북도 청주시 상당구 평촌동,43111
43111128,umd,지북동,충청북도 청주시 상당구 지북동,43111
43111129,umd,운동동,충청북도 청주시 상당구 운동동,43111
43111130,umd,월오동,충청북도 청주시 상당구 월오동,43111
43111310,umd,낭성면,충청북도 청주시 상당구 낭성면,43111
43111320,umd,미원면,충청북도 청주시 상당구 미원면,43111
43111330,umd,가덕면,충청북도 청주시 상당구 가덕면,43111
43111340,umd,남일면,충청북도 청주시 상당구 남일면,43111
43111350,umd,문의면,충청북도 청주시 상당구 문의면,43111
43112101,umd,사직동,충청북도 청주시 서원구 사직동,43112
43112102,umd,사창동,충청북도 청주시 서원구 사창동,43112
43112103,umd,모충동,충청북도 청주시 서원구 모충동,43112
43112104,umd,산남동,충청북도 청주시 서원구 산남동,43112
43112105,umd,미평동,충청북도 청주시 서원구 미평동,43112
43112106,umd,분평동,충청북도 청주시 서원구 분평동,43112
43112107,umd,수곡동,충청북도 청주시 서원구 수곡동,43112
43112108,umd,성화동,충청북도 청주시 서원구 성화동,43112
43112109,umd,개신동,충청북도 청주시 서원구 개신동,43112
43112110,umd,죽림동,충청북도 청주시 서원구 죽림동,43112
43112111,umd,장성동,충청북도 청주시 서원구 장성동,43112
43112112,umd,장암동,충청북도 청주시 서원구 장암동,43112
43112310,umd,남이면,충청북도 청주시 서원구 남이면,43112
43112320,umd,현도면,충청북도 청주시 서원구 현도면,43112
43113104,umd,운천동,충청북도 청주시 흥덕구 운천동,43113
43113105,umd,신봉동,충청북도 청주시 흥덕구 신봉동,43113
43113113,umd,가경동,충청북도 청주시 흥덕구 가경동,43113
43113114,umd,복대동,충청북도 청주시 흥덕구 복대동,43113
43113115,umd,봉명동,충청북도 청주시 흥덕구 봉명동,43113
43113116,umd,송정동,충청북도 청주시 흥덕구 송정동,43113
43113117,umd,강서동,충청북도 청주시 흥덕구 강서동,43113
43113118,umd,석곡동,충청북도 청주시 흥덕구 석곡동,43113
43113119,umd,휴암동,충청북도 청주시 흥덕구 휴암동,43113
43113120,umd,신전동,충청북도 청주시 흥덕구 신전동,43113
43113121,umd,현암동,충청북도 청주시 흥덕구 현암동,43113
43113122,umd,동막동,충청북도 청주시 흥덕구 동막동,43113
43113123,umd,수의동,충청북도 청주시 흥덕구 수의동,43113
43113124,umd,지동동,충청북도 청주시 흥덕구 지동동,43113
43113125,umd,서촌동,충청북도 청주시 흥덕구 서촌동,43113
43113126,umd,신성동,충청북도 청주시 흥덕구 신성동,43113
43113127,umd,평동,충청북도 청주시 흥덕구 평동,43113
43113128,umd,신대동,충청북도 청주시 흥덕구 신대동,43113
43113129,umd,남촌동,충청북도 청주시 흥덕구 남촌동,43113
43113130,umd,내곡동,충청북도 청주시 흥덕구 내곡동,43113
43113131,umd,상신동,충청북도 청주시 흥덕구 상신동,43113
43113132,umd,원평동,충청북도 청주시 흥덕구 원평동,43113
43113133,umd,문암동,충청북도 청주시 흥덕구 문암동,43113
43113134,umd,송절동,충청북도 청주시 흥덕구 송절동,43113
43113135,umd,화계동,충청북도 청주시 흥덕구 화계동,43113
43113136,umd,외북동,충청북도 청주시 흥덕구 외북동,43113
43113137,umd,향정동,충청북도 청주시 흥덕구 향정동,43113
43113138,umd,비하동,충청북도 청주시 흥덕구 비하동,43113
43113139,umd,석소동,충청북도 청주시 흥덕구 석소동,43113
43113140,umd,정봉동,충청북도 청주시 흥덕구 정봉동,43113
43113141,umd,신촌동,충청북도 청주시 흥덕구 신촌동,43113
43113250,umd,오송읍,충청북도 청주시 흥덕구 오송읍,43113
43113310,umd,강내면,충청북도 청주시 흥덕구 강내면,43113
43113320,umd,옥산면,충청북도 청주시 흥덕구 옥산면,43113
43114101,umd,우암동,충청북도 청주시 청원구 우암동,43114
43114102,umd,내덕동,충청북도 청주시 청원구 내덕동,43114
43114103,umd,율량동,충청북도 청주시 청원구 율량동,43114
43114104,umd,사천동,충청북도 청주시 청원구 사천동,43114
43114105,umd,주성동,충청북도 청주시 청원구 주성동,43114
43114106,umd,주중동,충청북도 청주시 청원구 주중동,43114
43114107,umd,정상동,충청북도 청주시 청원구 정상동,43114
43114108,umd,정하동,충청북도 청주시 청원구 정하동,43114
43114109,umd,정북동,충청북도 청주시 청원구 정북동,43114
43114110,umd,오동동,충청북도 청주시 청원구 오동동,43114
43114111,umd,외남동,충청북도 청주시 청원구 외남동,43114
43114112,umd,외평동,충청북도 청주시 청원구 외평동,43114
43114113,umd,외하동,충청북도 청주시 청원구 외하동,43114
43114250,umd,내수읍,충청북도 청주시 청원구 내수읍,43114
43114253,umd,오창읍,충청북도 청주시 청원구 오창읍,43114
43114310,umd,북이면,충청북도 청주시 청원구 북이면,43114
43130101,umd,성내동,충청북도 충주시 성내동,43130
43130102,umd,성남동,충청북도 충주시 성남동,43130
43130103,umd,성서동,충청북도 충주시 성서동,43130
43130104,umd,충인동,충청북도 충주시 충인동,43130
43130105,umd,교현동,충청북도 충주시 교현동,43130
43130106,umd,용산동,충청북도 충주시 용산동,43130
43130107,umd,호암동,충청북도 충주시 호암동,43130
43130108,umd,직동,충청북도 충주시 직동,43130
43130109,umd,단월동,충청북도 충주시 단월동,43130
43130110,umd,풍동,충청북도 충주시 풍동,43130
43130111,umd,가주동,충청북도 충주시 가주동,43130
43130112,umd,용관동,충청북도 충주시 용관동,43130
43130113,umd,용두동,충청북도 충주시 용두동,43130
43130114,umd,달천동,충청북도 충주시 달천동,43130
43130115,umd,봉방동,충청북도 충주시 봉방동,43130
43130116,umd,칠금동,충청북도 충주시 칠금동,43130
43130118,umd,연수동,충청북도 충주시 연수동,43130
43130119,umd,목행동,충청북도 충주시 목행동,43130
43130120,umd,용탄동,충청북도 충주시 용탄동,43130
43130121,umd,종민동,충청북도 충주시 종민동,43130
43130122,umd,안림동,충청북도 충주시 안림동,43130
43130123,umd,목벌동,충청북도 충주시 목벌동,43130
43130124,umd,충의동,충청북도 충주시 충의동,43130
43130125,umd,지현동,충청북도 충주시 지현동,43130
43130127,umd,문화동,충청북도 충주시 문화동,43130
43130128,umd,금릉동,충청북도 충주시 금릉동,43130
43130250,umd,주덕읍,충청북도 충주시 주덕읍,43130
43130310,umd,살미면,충청북도 충주시 살미면,43130
43130325,umd,수안보면,충청북도 충주시 수안보면,43130
43130335,umd,대소원면,충청북도 충주시 대소원면,43130
43130350,umd,신니면,충청북도 충주시 신니면,43130
43130360,umd,노은면,충청북도 충주시 노은면,43130
43130370,umd,앙성면,충청북도 충주시 앙성면,43130
43130385,umd,중앙탑면,충청북도 충주시 중앙탑면,43130
43130390,umd,금가면,충청북도 충주시 금가면,43130
43130400,umd,동량면,충청북도 충주시 동량면,43130
43130410,umd,산척면,충청북도 충주시 산척면,43130
43130420,umd,엄정면,충청북도 충주시 엄정면,43130
43130430,umd,소태면,충청북도 충주시 소태면,43130
43150101,umd,의림동,충청북도 제천시 의림동,43150
43150102,umd,서부동,충청북도 제천시 서부동,43150
43150103,umd,동현동,충청북도 제천시 동현동,43150
43150104,umd,남천동,충청북도 제천시 남천동,43150
43150105,umd,교동,충청북도 제천시 교동,43150
43150106,umd,중앙로1가,충청북도 제천시 중앙로1가,43150
43150107,umd,중앙로2가,충청북도 제천시 중앙로2가,43150
43150108,umd,명동,충청북도 제천시 명동,43150
43150109,umd,화산동,충청북도 제천시 화산동,43150
43150110,umd,영천동,충청북도 제천시 영천동,43150
43150111,umd,하소동,충청북도 제천시 하소동,43150
43150112,umd,신월동,충청북도 제천시 신월동,43150
43150113,umd,청전동,충청북도 제천시 청전동,43150
43150114,umd,모산동,충청북도 제천시 모산동,43150
43150115,umd,고암동,충청북도 제천시 고암동,43150
43150116,umd,장락동,충청북도 제천시 장락동,43150
43150117,umd,흑석동,충청북도 제천시 흑석동,43150
43150118,umd,두학동,충청북도 제천시 두학동,43150
43150119,umd,고명동,충청북도 제천시 고명동,43150
43150120,umd,신백동,충청북도 제천시 신백동,43150
43150121,umd,강제동,충청북도 제천시 강제동,43150
43150122,umd,명지동,충청북도 제천시 명지동,43150
43150123,umd,산곡동,충청북도 제천시 산곡동,43150
43150124,umd,왕암동,충청북도 제천시 왕암동,43150
43150125,umd,천남동,충청북도 제천시 천남동,43150
43150126,umd,신동,충청북도 제천시 신동,43150
43150127,umd,자작동,충청북도 제천시 자작동,43150
43150128,umd,대랑동,충청북도 제천시 대랑동,43150
43150250,umd,봉양읍,충청북도 제천시 봉양읍,43150
43150310,umd,금성면,충청북도 제천시 금성면,43150
43150320,umd,청풍면,충청북도 제천시 청풍면,43150
43150330,umd,수산면,충청북도 제천시 수산면,43150
43150340,umd,덕산면,충청북도 제천시 덕산면,43150
43150350,umd,한수면,충청북도 제천시 한수면,43150
43150360,umd,백운면,충청북도 제천시 백운면,43150
43150380,umd,송학면,충청북도 제천시 송학면,43150
43720250,umd,보은읍,충청북도 보은군 보은읍,43720
43720315,umd,속리산면,충청북도 보은군 속리산면,43720
43720325,umd,장안면,충청북도 보은군 장안면,43720
43720330,umd,마로면,충청북도 보은군 마로면,43720
43720340,umd,탄부면,충청북도 보은군 탄부면,43720
43720350,umd,삼승면,충청북도 보은군 삼승면,43720
43720360,umd,수한면,충청북도 보은군 수한면,43720
43720370,umd,회남면,충청북도 보은군 회남면,43720
43720385,umd,회인면,충청북도 보은군 회인면,43720
43720390,umd,내북면,충청북도 보은군 내북면,43720
43720400,umd,산외면,충청북도 보은군 산외면,43720
43730250,umd,옥천읍,충청북도 옥천군 옥천읍,43730
43730310,umd,동이면,충청북도 옥천군 동이면,43730
43730320,umd,안남면,충청북도 옥천군 안남면,43730
43730330,umd,안내면,충청북도 옥천군 안내면,43730
43730340,umd,청성면,충청북도 옥천군 청성면,43730
43730350,umd,청산면,충청북도 옥천군 청산면,43730
43730360,umd,이원면,충청북도 옥천군 이원면,43730
43730370,umd,군서면,충청북도 옥천군 군서면,43730
43730380,umd,군북면,충청북도 옥천군 군북면,43730
43740250,umd,영동읍,충청북도 영동군 영동읍,43740
43740310,umd,용산면,충청북도 영동군 용산면,43740
43740320,umd,황간면,충청북도 영동군 황간면,43740
43740335,umd,추풍령면,충청북도 영동군 추풍령면,43740
43740340,umd,매곡면,충청북도 영동군 매곡면,43740
43740350,umd,상촌면,충청북도 영동군 상촌면,43740
43740360,umd,양강면,충청북도 영동군 양강면,43740
43740370,umd,용화면,충청북도 영동군 용화면,43740
43740380,umd,학산면,충청북도 영동군 학산면,43740
43740390,umd,양산면,충청북도 영동군 양산면,43740
43740400,umd,심천면,충청북도 영동군 심천면,43740
43745250,umd,증평읍,충청북도 증평군 증평읍,43745
43745310,umd,도안면,충청북도 증평군 도안면,43745
43750250,umd,진천읍,충청북도 진천군 진천읍,43750
43750253,umd,덕산읍,충청북도 진천군 덕산읍,43750
43750320,umd,초평면,충청북도 진천군 초평면,43750
43750330,umd,문백면,충청북도 진천군 문백면,43750
43750340,umd,백곡면,충청북도 진천군 백곡면,43750
43750350,umd,이월면,충청북도 진천군 이월면,43750
43750370,umd,광혜원면,충청북도 진천군 광혜원면,43750
43760250,umd,괴산읍,충청북도 괴산군 괴산읍,43760
43760310,umd,감물면,충청북도 괴산군 감물면,43760
43760320,umd,장연면,충청북도 괴산군 장연면,43760
43760330,umd,연풍면,충청북도 괴산군 연풍면,43760
43760340,umd,칠성면,충청북도 괴산군 칠성면,43760
43760350,umd,문광면,충청북도 괴산군 문광면,43760
43760360,umd,청천면,충청북도 괴산군 청천면,43760
43760370,umd,청안면,충청북도 괴산군 청안면,43760
43760390,umd,사리면,충청북도 괴산군 사리면,43760
43760400,umd,소수면,충청북도 괴산군 소수면,43760
43760410,umd,불정면,충청북도 괴산군 불정면,43760
43770250,umd,음성읍,충청북도 음성군 음성읍,43770
43770253,umd,금왕읍,충청북도 음성군 금왕읍,43770
43770310,umd,소이면,충청북도 음성군 소이면,43770
43770320,umd,원남면,충청북도 음성군 원남면,43770
43770330,umd,맹동면,충청북도 음성군 맹동면,43770
43770340,umd,대소면,충청북도 음성군 대소면,43770
43770350,umd,삼성면,충청북도 음성군 삼성면,43770
43770360,umd,생극면,충청북도 음성군 생극면,43770
43770370,umd,감곡면,충청북도 음성군 감곡면,43770
43800250,umd,단양읍,충청북도 단양군 단양읍,43800
43800253,umd,매포읍,충청북도 단양군 매포읍,43800
43800310,umd,대강면,충청북도 단양군 대강면,43800
43800320,umd,가곡면,충청북도 단양군 가곡면,43800
43800330,umd,영춘면,충청북도 단양군 영춘면,43800
43800340,umd,어상천면,충청북도 단양군 어상천면,43800
43800350,umd,적성면,충청북도 단양군 적성면,43800
43800360,umd,단성면,충청북도 단양군 단성면,43800
44131101,umd,대흥동,충청남도 천안시 동남구 대흥동,44131
44131102,umd,성황동,충청남도 천안시 동남구 성황동,44131
44131103,umd,문화동,충청남도 천안시 동남구 문화동,44131
44131104,umd,사직동,충청남도 천안시 동남구 사직동,44131
44131105,umd,영성동,충청남도 천안시 동남구 영성동,44131
44131106,umd,오룡동,충청남도 천안시 동남구 오룡동,44131
44131107,umd,원성동,충청남도 천안시 동남구 원성동,44131
44131108,umd,구성동,충청남도 천안시 동남구 구성동,44131
44131109,umd,청수동,충청남도 천안시 동남구 청수동,44131
44131110,umd,삼룡동,충청남도 천안시 동남구 삼룡동,44131
44131111,umd,청당동,충청남도 천안시 동남구 청당동,44131
44131112,umd,유량동,충청남도 천안시 동남구 유량동,44131
44131113,umd,봉명동,충청남도 천안시 동남구 봉명동,44131
44131114,umd,다가동,충청남도 천안시 동남구 다가동,44131
44131115,umd,용곡동,충청남도 천안시 동남구 용곡동,44131
44131116,umd,신방동,충청남도 천안시 동남구 신방동,44131
44131117,umd,쌍용동,충청남도 천안시 동남구 쌍용동,44131
44131118,umd,신부동,충청남도 천안시 동남구 신부동,44131
44131119,umd,안서동,충청남도 천안시 동남구 안서동,44131
44131120,umd,구룡동,충청남도 천안시 동남구 구룡동,44131
44131250,umd,목천읍,충청남도 천안시 동남구 목천읍,44131
44131310,umd,풍세면,충청남도 천안시 동남구 풍세면,44131
44131320,umd,광덕면,충청남도 천안시 동남구 광덕면,44131
44131330,umd,북면,충청남도 천안시 동남구 북면,44131
44131340,umd,성남면,충청남도 천안시 동남구 성남면,44131
44131350,umd,수신면,충청남도 천안시 동남구 수신면,44131
44131360,umd,병천면,충청남도 천안시 동남구 병천면,44131
44131370,umd,동면,충청남도 천안시 동남구 동면,44131
44133101,umd,와촌동,충청남도 천안시 서북구 와촌동,44133
44133102,umd,성정동,충청남도 천안시 서북구 성정동,44133
44133103,umd,백석동,충청남도 천안시 서북구 백석동,44133
44133104,umd,두정동,충청남도 천안시 서북구 두정동,44133
44133105,umd,성성동,충청남도 천안시 서북구 성성동,44133
44133106,umd,차암동,충청남도 천안시 서북구 차암동,44133
44133107,umd,쌍용동,충청남도 천안시 서북구 쌍용동,44133
44133108,umd,불당동,충청남도 천안시 서북구 불당동,44133
44133109,umd,업성동,충청남도 천안시 서북구 업성동,44133
44133110,umd,신당동,충청남도 천안시 서북구 신당동,44133
44133111,umd,부대동,충청남도 천안시 서북구 부대동,44133
44133250,umd,성환읍,충청남도 천안시 서북구 성환읍,44133
44133253,umd,성거읍,충청남도 천안시 서북구 성거읍,44133
44133256,umd,직산읍,충청남도 천안시 서북구 직산읍,44133
44133310,umd,입장면,충청남도 천안시 서북구 입장면,44133
44150101,umd,반죽동,충청남도 공주시 반죽동,44150
44150102,umd,봉황동,충청남도 공주시 봉황동,44150
44150103,umd,중학동,충청남도 공주시 중학동,44150
44150104,umd,중동,충청남도 공주시 중동,44150
44150105,umd,산성동,충청남도 공주시 산성동,44150
44150106,umd,교동,충청남도 공주시 교동,44150
44150107,umd,웅진동,충청남도 공주시 웅진동,44150
44150108,umd,금성동,충청남도 공주시 금성동,44150
44150109,umd,옥룡동,충청남도 공주시 옥룡동,44150
44150110,umd,금학동,충청남도 공주시 금학동,44150
44150111,umd,봉정동,충청남도 공주시 봉정동,44150
44150112,umd,주미동,충청남도 공주시 주미동,44150
44150113,umd,태봉동,충청남도 공주시 태봉동,44150
44150114,umd,오곡동,충청남도 공주시 오곡동,44150
44150115,umd,신기동,충청남도 공주시 신기동,44150
44150116,umd,소학동,충청남도 공주시 소학동,44150
44150117,umd,상왕동,충청남도 공주시 상왕동,44150
44150118,umd,무릉동,충청남도 공주시 무릉동,44150
44150119,umd,월송동,충청남도 공주시 월송동,44150
44150120,umd,신관동,충청남도 공주시 신관동,44150
44150121,umd,금흥동,충청남도 공주시 금흥동,44150
44150122,umd,쌍신동,충청남도 공주시 쌍신동,44150
44150123,umd,월미동,충청남도 공주시 월미동,44150
44150124,umd,검상동,충청남도 공주시 검상동,44150
44150125,umd,석장리동,충청남도 공주시 석장리동,44150
44150126,umd,송선동,충청남도 공주시 송선동,44150
44150127,umd,동현동,충청남도 공주시 동현동,44150
44150250,umd,유구읍,충청남도 공주시 유구읍,44150
44150310,umd,이인면,충청남도 공주시 이인면,44150
44150320,umd,탄천면,충청남도 공주시 탄천면,44150
44150330,umd,계룡면,충청남도 공주시 계룡면,44150
44150340,umd,반포면,충청남도 공주시 반포면,44150
44150360,umd,의당면,충청남도 공주시 의당면,44150
44150370,umd,정안면,충청남도 공주시 정안면,44150
44150380,umd,우성면,충청남도 공주시 우성면,44150
44150390,umd,사곡면,충청남도 공주시 사곡면,44150
44150400,umd,신풍면,충청남도 공주시 신풍면,44150
44180101,umd,대천동,충청남도 보령시 대천동,44180
44180102,umd,죽정동,충청남도 보령시 죽정동,44180
44180103,umd,화산동,충청남도 보령시 화산동,44180
44180104,umd,동대동,충청남도 보령시 동대동,44180
44180105,umd,명천동,충청남도 보령시 명천동,44180
44180106,umd,궁촌동,충청남도 보령시 궁촌동,44180
44180107,umd,내항동,충청남도 보령시 내항동,44180
44180108,umd,남곡동,충청남도 보령시 남곡동,44180
44180109,umd,요암동,충청남도 보령시 요암동,44180
44180110,umd,신흑동,충청남도 보령시 신흑동,44180
44180250,umd,웅천읍,충청남도 보령시 웅천읍,44180
44180310,umd,주포면,충청남도 보령시 주포면,44180
44180320,umd,오천면,충청남도 보령시 오천면,44180
44180330,umd,천북면,충청남도 보령시 천북면,44180
44180340,umd,청소면,충청남도 보령시 청소면,44180
44180350,umd,청라면,충청남도 보령시 청라면,44180
44180360,umd,남포면,충청남도 보령시 남포면,44180
44180380,umd,주산면,충청남도 보령시 주산면,44180
44180390,umd,미산면,충청남도 보령시 미산면,44180
44180400,umd,성주면,충청남도 보령시 성주면,44180
44180410,umd,주교면,충청남도 보령시 주교면,44180
44200101,umd,온천동,충청남도 아산시 온천동,44200
44200102,umd,실옥동,충청남도 아산시 실옥동,44200
44200103,umd,방축동,충청남도 아산시 방축동,44200
44200104,umd,기산동,충청남도 아산시 기산동,44200
44200105,umd,초사동,충청남도 아산시 초사동,44200
44200106,umd,신인동,충청남도 아산시 신인동,44200
44200107,umd,법곡동,충청남도 아산시 법곡동,44200
44200108,umd,장존동,충청남도 아산시 장존동,44200
44200109,umd,좌부동,충청남도 아산시 좌부동,44200
44200110,umd,읍내동,충청남도 아산시 읍내동,44200
44200111,umd,풍기동,충청남도 아산시 풍기동,44200
44200112,umd,용화동,충청남도 아산시 용화동,44200
44200113,umd,모종동,충청남도 아산시 모종동,44200
44200114,umd,권곡동,충청남도 아산시 권곡동,44200
44200115,umd,배미동,충청남도 아산시 배미동,44200
44200116,umd,득산동,충청남도 아산시 득산동,44200
44200117,umd,점양동,충청남도 아산시 점양동,44200
44200118,umd,신동,충청남도 아산시 신동,44200
44200119,umd,남동,충청남도 아산시 남동,44200
44200250,umd,염치읍,충청남도 아산시 염치읍,44200
44200253,umd,배방읍,충청남도 아산시 배방읍,44200
44200310,umd,송악면,충청남도 아산시 송악면,44200
44200330,umd,탕정면,충청남도 아산시 탕정면,44200
44200350,umd,음봉면,충청남도 아산시 음봉면,44200
44200360,umd,둔포면,충청남도 아산시 둔포면,44200
44200370,umd,영인면,충청남도 아산시 영인면,44200
44200380,umd,인주면,충청남도 아산시 인주면,44200
44200390,umd,선장면,충청남도 아산시 선장면,44200
44200400,umd,도고면,충청남도 아산시 도고면,44200
44200410,umd,신창면,충청남도 아산시 신창면,44200
44210101,umd,읍내동,충청남도 서산시 읍내동,44210
44210102,umd,동문동,충청남도 서산시 동문동,44210
44210103,umd,갈산동,충청남도 서산시 갈산동,44210
44210104,umd,온석동,충청남도 서산시 온석동,44210
44210105,umd,잠홍동,충청남도 서산시 잠홍동,44210
44210106,umd,수석동,충청남도 서산시 수석동,44210
44210107,umd,석림동,충청남도 서산시 석림동,44210
44210108,umd,석남동,충청남도 서산시 석남동,44210
44210109,umd,예천동,충청남도 서산시 예천동,44210
44210110,umd,죽성동,충청남도 서산시 죽성동,44210
44210111,umd,양대동,충청남도 서산시 양대동,44210
44210112,umd,오남동,충청남도 서산시 오남동,44210
44210113,umd,장동,충청남도 서산시 장동,44210
44210114,umd,덕지천동,충청남도 서산시 덕지천동,44210
44210250,umd,대산읍,충청남도 서산시 대산읍,44210
44210310,umd,인지면,충청남도 서산시 인지면,44210
44210320,umd,부석면,충청남도 서산시 부석면,44210
44210330,umd,팔봉면,충청남도 서산시 팔봉면,44210
44210340,umd,지곡면,충청남도 서산시 지곡면,44210
44210360,umd,성연면,충청남도 서산시 성연면,44210
44210370,umd,음암면,충청남도 서산시 음암면,44210
44210380,umd,운산면,충청남도 서산시 운산면,44210
44210390,umd,해미면,충청남도 서산시 해미면,44210
44210400,umd,고북면,충청남도 서산시 고북면,44210
44230101,umd,화지동,충청남도 논산시 화지동,44230
44230102,umd,반월동,충청남도 논산시 반월동,44230
44230103,umd,대교동,충청남도 논산시 대교동,44230
44230104,umd,부창동,충청남도 논산시 부창동,44230
44230105,umd,취암동,충청남도 논산시 취암동,44230
44230106,umd,등화동,충청남도 논산시 등화동,44230
44230107,umd,지산동,충청남도 논산시 지산동,44230
44230108,umd,덕지동,충청남도 논산시 덕지동,44230
44230109,umd,내동,충청남도 논산시 내동,44230
44230110,umd,강산동,충청남도 논산시 강산동,44230
44230111,umd,관촉동,충청남도 논산시 관촉동,44230
44230250,umd,강경읍,충청남도 논산시 강경읍,44230
44230253,umd,연무읍,충청남도 논산시 연무읍,44230
44230310,umd,성동면,충청남도 논산시 성동면,44230
44230320,umd,광석면,충청남도 논산시 광석면,44230
44230330,umd,노성면,충청남도 논산시 노성면,44230
44230340,umd,상월면,충청남도 논산시 상월면,44230
44230350,umd,부적면,충청남도 논산시 부적면,44230
44230360,umd,연산면,충청남도 논산시 연산면,44230
44230380,umd,벌곡면,충청남도 논산시 벌곡면,44230
44230390,umd,양촌면,충청남도 논산시 양촌면,44230
44230400,umd,가야곡면,충청남도 논산시 가야곡면,44230
44230410,umd,은진면,충청남도 논산시 은진면,44230
44230420,umd,채운면,충청남도 논산시 채운면,44230
44250101,umd,금암동,충청남도 계룡시 금암동,44250
44250310,umd,두마면,충청남도 계룡시 두마면,44250
44250315,umd,엄사면,충청남도 계룡시 엄사면,44250
44250330,umd,신도안면,충청남도 계룡시 신도안면,44250
44270101,umd,읍내동,충청남도 당진시 읍내동,44270
44270102,umd,채운동,충청남도 당진시 채운동,44270
44270103,umd,우두동,충청남도 당진시 우두동,44270
44270104,umd,원당동,충청남도 당진시 원당동,44270
44270105,umd,시곡동,충청남도 당진시 시곡동,44270
44270106,umd,수청동,충청남도 당진시 수청동,44270
44270107,umd,대덕동,충청남도 당진시 대덕동,44270
44270108,umd,행정동,충청남도 당진시 행정동,44270
44270109,umd,용연동,충청남도 당진시 용연동,44270
44270110,umd,사기소동,충청남도 당진시 사기소동,44270
44270111,umd,구룡동,충청남도 당진시 구룡동,44270
44270250,umd,합덕읍,충청남도 당진시 합덕읍,44270
44270253,umd,송악읍,충청남도 당진시 송악읍,44270
44270310,umd,고대면,충청남도 당진시 고대면,44270
44270320,umd,석문면,충청남도 당진시 석문면,44270
44270330,umd,대호지면,충청남도 당진시 대호지면,44270
44270340,umd,정미면,충청남도 당진시 정미면,44270
44270350,umd,면천면,충청남도 당진시 면천면,44270
44270360,umd,순성면,충청남도 당진시 순성면,44270
44270370,umd,우강면,충청남도 당진시 우강면,44270
44270380,umd,신평면,충청남도 당진시 신평면,44270
44270390,umd,송산면,충청남도 당진시 송산면,44270
44710250,umd,금산읍,충청남도 금산군 금산읍,44710
44710310,umd,금성면,충청남도 금산군 금성면,44710
44710320,umd,제원면,충청남도 금산군 제원면,44710
44710330,umd,부리면,충청남도 금산군 부리면,44710
44710340,umd,군북면,충청남도 금산군 군북면,44710
44710350,umd,남일면,충청남도 금산군 남일면,44710
44710360,umd,남이면,충청남도 금산군 남이면,44710
44710370,umd,진산면,충청남도 금산군 진산면,44710
44710380,umd,복수면,충청남도 금산군 복수면,44710
44710390,umd,추부면,충청남도 금산군 추부면,44710
44760250,umd,부여읍,충청남도 부여군 부여읍,44760
44760310,umd,규암면,충청남도 부여군 규암면,44760
44760320,umd,은산면,충청남도 부여군 은산면,44760
44760330,umd,외산면,충청남도 부여군 외산면,44760
44760340,umd,내산면,충청남도 부여군 내산면,44760
44760350,umd,구룡면,충청남도 부여군 구룡면,44760
44760360,umd,홍산면,충청남도 부여군 홍산면,44760
44760370,umd,옥산면,충청남도 부여군 옥산면,44760
44760380,umd,남면,충청남도 부여군 남면,44760
44760390,umd,충화면,충청남도 부여군 충화면,44760
44760400,umd,양화면,충청남도 부여군 양화면,44760
44760410,umd,임천면,충청남도 부여군 임천면,44760
44760420,umd,장암면,충청남도 부여군 장암면,44760
44760430,umd,세도면,충청남도 부여군 세도면,44760
44760440,umd,석성면,충청남도 부여군 석성면,44760
44760450,umd,초촌면,충청남도 부여군 초촌면,44760
44770250,umd,장항읍,충청남도 서천군 장항읍,44770
44770253,umd,서천읍,충청남도 서천군 서천읍,44770
44770310,umd,마서면,충청남도 서천군 마서면,44770
44770320,umd,화양면,충청남도 서천군 화양면,44770
44770330,umd,기산면,충청남도 서천군 기산면,44770
44770340,umd,한산면,충청남도 서천군 한산면,44770
44770350,umd,마산면,충청남도 서천군 마산면,44770
44770360,umd,시초면,충청남도 서천군 시초면,44770
44770370,umd,문산면,충청남도 서천군 문산면,44770
44770380,umd,판교면,충청남도 서천군 판교면,44770
44770390,umd,종천면,충청남도 서천군 종천면,44770
44770400,umd,비인면,충청남도 서천군 비인면,44770
44770410,umd,서면,충청남도 서천군 서면,44770
44790250,umd,청양읍,충청남도 청양군 청양읍,44790
44790310,umd,운곡면,충청남도 청양군 운곡면,44790
44790320,umd,대치면,충청남도 청양군 대치면,44790
44790330,umd,정산면,충청남도 청양군 정산면,44790
44790340,umd,목면,충청남도 청양군 목면,44790
44790350,umd,청남면,충청남도 청양군 청남면,44790
44790360,umd,장평면,충청남도 청양군 장평면,44790
44790370,umd,남양면,충청남도 청양군 남양면,44790
44790380,umd,화성면,충청남도 청양군 화성면,44790
44790390,umd,비봉면,충청남도 청양군 비봉면,44790
44800250,umd,홍성읍,충청남도 홍성군 홍성읍,44800
44800253,umd,광천읍,충청남도 홍성군 광천읍,44800
44800256,umd,홍북읍,충청남도 홍성군 홍북읍,44800
44800320,umd,금마면,충청남도 홍성군 금마면,44800
44800330,umd,홍동면,충청남도 홍성군 홍동면,44800
44800340,umd,장곡면,충청남도 홍성군 장곡면,44800
44800350,umd,은하면,충청남도 홍성군 은하면,44800
44800360,umd,결성면,충청남도 홍성군 결성면,44800
44800370,umd,서부면,충청남도 홍성군 서부면,44800
44800380,umd,갈산면,충청남도 홍성군 갈산면,44800
44800390,umd,구항면,충청남도 홍성군 구항면,44800
44810250,umd,예산읍,충청남도 예산군 예산읍,44810
44810253,umd,삽교읍,충청남도 예산군 삽교읍,44810
44810310,umd,대술면,충청남도 예산군 대술면,44810
44810320,umd,신양면,충청남도 예산군 신양면,44810
44810330,umd,광시면,충청남도 예산군 광시면,44810
44810340,umd,대흥면,충청남도 예산군 대흥면,44810
44810350,umd,응봉면,충청남도 예산군 응봉면,44810
44810360,umd,덕산면,충청남도 예산군 덕산면,44810
44810370,umd,봉산면,충청남도 예산군 봉산면,44810
44810380,umd,고덕면,충청남도 예산군 고덕면,44810
44810390,umd,신암면,충청남도 예산군 신암면,44810
44810400,umd,오가면,충청남도 예산군 오가면,44810
44825250,umd,태안읍,충청남도 태안군 태안읍,44825
44825253,umd,안면읍,충청남도 태안군 안면읍,44825
44825310,umd,고남면,충청남도 태안군 고남면,44825
44825320,umd,남면,충청남도 태안군 남면,44825
44825330,umd,근흥면,충청남도 태안군 근흥면,44825
44825340,umd,소원면,충청남도 태안군 소원면,44825
44825350,umd,원북면,충청남도 태안군 원북면,44825
44825360,umd,이원면,충청남도 태안군 이원면,44825
47111101,umd,상도동,경상북도 포항시 남구 상도동,47111
47111102,umd,대도동,경상북도 포항시 남구 대도동,47111
47111103,umd,해도동,경상북도 포항시 남구 해도동,47111
47111104,umd,송도동,경상북도 포항시 남구 송도동,47111
47111105,umd,청림동,경상북도 포항시 남구 청림동,47111
47111106,umd,일월동,경상북도 포항시 남구 일월동,47111
47111107,umd,송정동,경상북도 포항시 남구 송정동,47111
47111108,umd,송내동,경상북도 포항시 남구 송내동,47111
47111109,umd,괴동동,경상북도 포항시 남구 괴동동,47111
47111110,umd,동촌동,경상북도 포항시 남구 동촌동,47111
47111111,umd,장흥동,경상북도 포항시 남구 장흥동,47111
47111112,umd,인덕동,경상북도 포항시 남구 인덕동,47111
47111113,umd,호동,경상북도 포항시 남구 호동,47111
47111114,umd,효자동,경상북도 포항시 남구 효자동,47111
47111115,umd,지곡동,경상북도 포항시 남구 지곡동,47111
47111116,umd,대잠동,경상북도 포항시 남구 대잠동,47111
47111117,umd,이동,경상북도 포항시 남구 이동,47111
47111250,umd,구룡포읍,경상북도 포항시 남구 구룡포읍,47111
47111253,umd,연일읍,경상북도 포항시 남구 연일읍,47111
47111256,umd,오천읍,경상북도 포항시 남구 오천읍,47111
47111310,umd,대송면,경상북도 포항시 남구 대송면,47111
47111320,umd,동해면,경상북도 포항시 남구 동해면,47111
47111330,umd,장기면,경상북도 포항시 남구 장기면,47111
47111350,umd,호미곶면,경상북도 포항시 남구 호미곶면,47111
47113101,umd,대흥동,경상북도 포항시 북구 대흥동,47113
47113102,umd,신흥동,경상북도 포항시 북구 신흥동,47113
47113103,umd,남빈동,경상북도 포항시 북구 남빈동,47113
47113104,umd,상원동,경상북도 포항시 북구 상원동,47113
47113105,umd,여천동,경상북도 포항시 북구 여천동,47113
47113106,umd,중앙동,경상북도 포항시 북구 중앙동,47113
47113107,umd,덕산동,경상북도 포항시 북구 덕산동,47113
47113108,umd,덕수동,경상북도 포항시 북구 덕수동,47113
47113109,umd,대신동,경상북도 포항시 북구 대신동,47113
47113110,umd,동빈1가,경상북도 포항시 북구 동빈1가,47113
47113111,umd,동빈2가,경상북도 포항시 북구 동빈2가,47113
47113112,umd,학산동,경상북도 포항시 북구 학산동,47113
47113113,umd,항구동,경상북도 포항시 북구 항구동,47113
47113114,umd,득량동,경상북도 포항시 북구 득량동,47113
47113115,umd,학잠동,경상북도 포항시 북구 학잠동,47113
47113116,umd,죽도동,경상북도 포항시 북구 죽도동,47113
47113117,umd,용흥동,경상북도 포항시 북구 용흥동,47113
47113118,umd,우현동,경상북도 포항시 북구 우현동,47113
47113119,umd,창포동,경상북도 포항시 북구 창포동,47113
47113120,umd,두호동,경상북도 포항시 북구 두호동,47113
47113121,umd,장성동,경상북도 포항시 북구 장성동,47113
47113122,umd,양덕동,경상북도 포항시 북구 양덕동,47113
47113123,umd,환호동,경상북도 포항시 북구 환호동,47113
47113124,umd,여남동,경상북도 포항시 북구 여남동,47113
47113250,umd,흥해읍,경상북도 포항시 북구 흥해읍,47113
47113310,umd,신광면,경상북도 포항시 북구 신광면,47113
47113320,umd,청하면,경상북도 포항시 북구 청하면,47113
47113330,umd,송라면,경상북도 포항시 북구 송라면,47113
47113340,umd,기계면,경상북도 포항시 북구 기계면,47113
47113350,umd,죽장면,경상북도 포항시 북구 죽장면,47113
47113360,umd,기북면,경상북도 포항시 북구 기북면,47113
47130101,umd,동부동,경상북도 경주시 동부동,47130
47130102,umd,서부동,경상북도 경주시 서부동,47130
47130103,umd,북부동,경상북도 경주시 북부동,47130
47130104,umd,성동동,경상북도 경주시 성동동,47130
47130105,umd,황오동,경상북도 경주시 황오동,47130
47130106,umd,노동동,경상북도 경주시 노동동,47130
47130107,umd,노서동,경상북도 경주시 노서동,47130
47130108,umd,성건동,경상북도 경주시 성건동,47130
47130109,umd,사정동,경상북도 경주시 사정동,47130
47130110,umd,황남동,경상북도 경주시 황남동,47130
47130111,umd,교동,경상북도 경주시 교동,47130
47130112,umd,인왕동,경상북도 경주시 인왕동,47130
47130113,umd,탑동,경상북도 경주시 탑동,47130
47130114,umd,충효동,경상북도 경주시 충효동,47130
47130115,umd,서악동,경상북도 경주시 서악동,47130
47130116,umd,효현동,경상북도 경주시 효현동,47130
47130117,umd,광명동,경상북도 경주시 광명동,47130
47130118,umd,동방동,경상북도 경주시 동방동,47130
47130119,umd,도지동,경상북도 경주시 도지동,47130
47130120,umd,남산동,경상북도 경주시 남산동,47130
47130121,umd,배반동,경상북도 경주시 배반동,47130
47130122,umd,구황동,경상북도 경주시 구황동,47130
47130123,umd,보문동,경상북도 경주시 보문동,47130
47130124,umd,황성동,경상북도 경주시 황성동,47130
47130125,umd,용강동,경상북도 경주시 용강동,47130
47130126,umd,동천동,경상북도 경주시 동천동,47130
47130127,umd,평동,경상북도 경주시 평동,47130
47130128,umd,조양동,경상북도 경주시 조양동,47130
47130129,umd,시동,경상북도 경주시 시동,47130
47130130,umd,시래동,경상북도 경주시 시래동,47130
47130131,umd,구정동,경상북도 경주시 구정동,47130
47130132,umd,마동,경상북도 경주시 마동,47130
47130133,umd,하동,경상북도 경주시 하동,47130
47130134,umd,진현동,경상북도 경주시 진현동,47130
47130135,umd,천군동,경상북도 경주시 천군동,47130
47130136,umd,신평동,경상북도 경주시 신평동,47130
47130137,umd,덕동,경상북도 경주시 덕동,47130
47130138,umd,암곡동,경상북도 경주시 암곡동,47130
47130139,umd,황용동,경상북도 경주시 황용동,47130
47130140,umd,북군동,경상북도 경주시 북군동,47130
47130141,umd,손곡동,경상북도 경주시 손곡동,47130
47130142,umd,율동,경상북도 경주시 율동,47130
47130143,umd,배동,경상북도 경주시 배동,47130
47130144,umd,석장동,경상북도 경주시 석장동,47130
47130250,umd,감포읍,경상북도 경주시 감포읍,47130
47130253,umd,안강읍,경상북도 경주시 안강읍,47130
47130256,umd,건천읍,경상북도 경주시 건천읍,47130
47130259,umd,외동읍,경상북도 경주시 외동읍,47130
47130315,umd,문무대왕면,경상북도 경주시 문무대왕면,47130
47130320,umd,양남면,경상북도 경주시 양남면,47130
47130330,umd,내남면,경상북도 경주시 내남면,47130
47130340,umd,산내면,경상북도 경주시 산내면,47130
47130350,umd,서면,경상북도 경주시 서면,47130
47130360,umd,현곡면,경상북도 경주시 현곡면,47130
47130370,umd,강동면,경상북도 경주시 강동면,47130
47130380,umd,천북면,경상북도 경주시 천북면,47130
47150101,umd,감호동,경상북도 김천시 감호동,47150
47150102,umd,용두동,경상북도 김천시 용두동,47150
47150103,umd,모암동,경상북도 김천시 모암동,47150
47150104,umd,성내동,경상북도 김천시 성내동,47150
47150105,umd,평화동,경상북도 김천시 평화동,47150
47150106,umd,남산동,경상북도 김천시 남산동,47150
47150107,umd,황금동,경상북도 김천시 황금동,47150
47150108,umd,신음동,경상북도 김천시 신음동,47150
47150109,umd,교동,경상북도 김천시 교동,47150
47150110,umd,삼락동,경상북도 김천시 삼락동,47150
47150111,umd,문당동,경상북도 김천시 문당동,47150
47150112,umd,다수동,경상북도 김천시 다수동,47150
47150113,umd,백옥동,경상북도 김천시 백옥동,47150
47150114,umd,부곡동,경상북도 김천시 부곡동,47150
47150115,umd,지좌동,경상북도 김천시 지좌동,47150
47150116,umd,덕곡동,경상북도 김천시 덕곡동,47150
47150117,umd,대광동,경상북도 김천시 대광동,47150
47150118,umd,응명동,경상북도 김천시 응명동,47150
47150119,umd,양천동,경상북도 김천시 양천동,47150
47150120,umd,율곡동,경상북도 김천시 율곡동,47150
47150250,umd,아포읍,경상북도 김천시 아포읍,47150
47150310,umd,농소면,경상북도 김천시 농소면,47150
47150320,umd,남면,경상북도 김천시 남면,47150
47150340,umd,개령면,경상북도 김천시 개령면,47150
47150350,umd,감문면,경상북도 김천시 감문면,47150
47150360,umd,어모면,경상북도 김천시 어모면,47150
47150370,umd,봉산면,경상북도 김천시 봉산면,47150
47150380,umd,대항면,경상북도 김천시 대항면,47150
47150390,umd,감천면,경상북도 김천시 감천면,47150
47150400,umd,조마면,경상북도 김천시 조마면,47150
47150410,umd,구성면,경상북도 김천시 구성면,47150
47150420,umd,지례면,경상북도 김천시 지례면,47150
47150430,umd,부항면,경상북도 김천시 부항면,47150
47150440,umd,대덕면,경상북도 김천시 대덕면,47150
47150450,umd,증산면,경상북도 김천시 증산면,47150
47170101,umd,삼산동,경상북도 안동시 삼산동,47170
47170102,umd,서부동,경상북도 안동시 서부동,47170
47170103,umd,북문동,경상북도 안동시 북문동,47170
47170104,umd,명륜동,경상북도 안동시 명륜동,47170
47170105,umd,신안동,경상북도 안동시 신안동,47170
47170106,umd,율세동,경상북도 안동시 율세동,47170
47170107,umd,옥정동,경상북도 안동시 옥정동,47170
47170108,umd,신세동,경상북도 안동시 신세동,47170
47170109,umd,법흥동,경상북도 안동시 법흥동,47170
47170110,umd,용상동,경상북도 안동시 용상동,47170
47170111,umd,동문동,경상북도 안동시 동문동,47170
47170112,umd,동부동,경상북도 안동시 동부동,47170
47170113,umd,운흥동,경상북도 안동시 운흥동,47170
47170114,umd,천리동,경상북도 안동시 천리동,47170
47170115,umd,남부동,경상북도 안동시 남부동,47170
47170116,umd,남문동,경상북도 안동시 남문동,47170
47170117,umd,안흥동,경상북도 안동시 안흥동,47170
47170118,umd,대석동,경상북도 안동시 대석동,47170
47170119,umd,옥야동,경상북도 안동시 옥야동,47170
47170120,umd,광석동,경상북도 안동시 광석동,47170
47170121,umd,당북동,경상북도 안동시 당북동,47170
47170122,umd,태화동,경상북도 안동시 태화동,47170
47170123,umd,화성동,경상북도 안동시 화성동,47170
47170124,umd,목성동,경상북도 안동시 목성동,47170
47170125,umd,법상동,경상북도 안동시 법상동,47170
47170126,umd,금곡동,경상북도 안동시 금곡동,47170
47170127,umd,평화동,경상북도 안동시 평화동,47170
47170128,umd,안기동,경상북도 안동시 안기동,47170
47170129,umd,운안동,경상북도 안동시 운안동,47170
47170130,umd,성곡동,경상북도 안동시 성곡동,47170
47170131,umd,상아동,경상북도 안동시 상아동,47170
47170132,umd,안막동,경상북도 안동시 안막동,47170
47170133,umd,옥동,경상북도 안동시 옥동,47170
47170134,umd,이천동,경상북도 안동시 이천동,47170
47170135,umd,노하동,경상북도 안동시 노하동,47170
47170136,umd,송현동,경상북도 안동시 송현동,47170
47170137,umd,송천동,경상북도 안동시 송천동,47170
47170138,umd,석동동,경상북도 안동시 석동동,47170
47170139,umd,정상동,경상북도 안동시 정상동,47170
47170140,umd,정하동,경상북도 안동시 정하동,47170
47170141,umd,수상동,경상북도 안동시 수상동,47170
47170142,umd,수하동,경상북도 안동시 수하동,47170
47170250,umd,풍산읍,경상북도 안동시 풍산읍,47170
47170310,umd,와룡면,경상북도 안동시 와룡면,47170
47170320,umd,북후면,경상북도 안동시 북후면,47170
47170330,umd,서후면,경상북도 안동시 서후면,47170
47170340,umd,풍천면,경상북도 안동시 풍천면,47170
47170350,umd,일직면,경상북도 안동시 일직면,47170
47170360,umd,남후면,경상북도 안동시 남후면,47170
47170370,umd,남선면,경상북도 안동시 남선면,47170
47170380,umd,임하면,경상북도 안동시 임하면,47170
47170390,umd,길안면,경상북도 안동시 길안면,47170
47170400,umd,임동면,경상북도 안동시 임동면,47170
47170410,umd,예안면,경상북도 안동시 예안면,47170
47170420,umd,도산면,경상북도 안동시 도산면,47170
47170430,umd,녹전면,경상북도 안동시 녹전면,47170
47190101,umd,원평동,경상북도 구미시 원평동,47190
47190102,umd,지산동,경상북도 구미시 지산동,47190
47190103,umd,도량동,경상북도 구미시 도량동,47190
47190104,umd,봉곡동,경상북도 구미시 봉곡동,47190
47190105,umd,부곡동,경상북도 구미시 부곡동,47190
47190106,umd,선기동,경상북도 구미시 선기동,47190
47190107,umd,수점동,경상북도 구미시 수점동,47190
47190108,umd,남통동,경상북도 구미시 남통동,47190
47190109,umd,형곡동,경상북도 구미시 형곡동,47190
47190110,umd,송정동,경상북도 구미시 송정동,47190
47190111,umd,신평동,경상북도 구미시 신평동,47190
47190112,umd,비산동,경상북도 구미시 비산동,47190
47190113,umd,공단동,경상북도 구미시 공단동,47190
47190114,umd,광평동,경상북도 구미시 광평동,47190
47190115,umd,사곡동,경상북도 구미시 사곡동,47190
47190116,umd,상모동,경상북도 구미시 상모동,47190
47190117,umd,임은동,경상북도 구미시 임은동,47190
47190118,umd,오태동,경상북도 구미시 오태동,47190
47190119,umd,신동,경상북도 구미시 신동,47190
47190120,umd,구평동,경상북도 구미시 구평동,47190
47190121,umd,황상동,경상북도 구미시 황상동,47190
47190122,umd,인의동,경상북도 구미시 인의동,47190
47190123,umd,진평동,경상북도 구미시 진평동,47190
47190124,umd,시미동,경상북도 구미시 시미동,47190
47190125,umd,임수동,경상북도 구미시 임수동,47190
47190126,umd,양호동,경상북도 구미시 양호동,47190
47190127,umd,거의동,경상북도 구미시 거의동,47190
47190128,umd,옥계동,경상북도 구미시 옥계동,47190
47190129,umd,구포동,경상북도 구미시 구포동,47190
47190130,umd,금전동,경상북도 구미시 금전동,47190
47190250,umd,선산읍,경상북도 구미시 선산읍,47190
47190253,umd,고아읍,경상북도 구미시 고아읍,47190
47190256,umd,산동읍,경상북도 구미시 산동읍,47190
47190310,umd,무을면,경상북도 구미시 무을면,47190
47190320,umd,옥성면,경상북도 구미시 옥성면,47190
47190330,umd,도개면,경상북도 구미시 도개면,47190
47190340,umd,해평면,경상북도 구미시 해평면,47190
47190360,umd,장천면,경상북도 구미시 장천면,47190
47210101,umd,영주동,경상북도 영주시 영주동,47210
47210102,umd,상망동,경상북도 영주시 상망동,47210
47210103,umd,하망동,경상북도 영주시 하망동,47210
47210104,umd,휴천동,경상북도 영주시 휴천동,47210
47210105,umd,가흥동,경상북도 영주시 가흥동,47210
47210106,umd,문정동,경상북도 영주시 문정동,47210
47210107,umd,고현동,경상북도 영주시 고현동,47210
47210108,umd,창진동,경상북도 영주시 창진동,47210
47210109,umd,상줄동,경상북도 영주시 상줄동,47210
47210110,umd,조와동,경상북도 영주시 조와동,47210
47210111,umd,조암동,경상북도 영주시 조암동,47210
47210112,umd,적서동,경상북도 영주시 적서동,47210
47210113,umd,아지동,경상북도 영주시 아지동,47210
47210250,umd,풍기읍,경상북도 영주시 풍기읍,47210
47210310,umd,이산면,경상북도 영주시 이산면,47210
47210320,umd,평은면,경상북도 영주시 평은면,47210
47210330,umd,문수면,경상북도 영주시 문수면,47210
47210340,umd,장수면,경상북도 영주시 장수면,47210
47210350,umd,안정면,경상북도 영주시 안정면,47210
47210360,umd,봉현면,경상북도 영주시 봉현면,47210
47210370,umd,순흥면,경상북도 영주시 순흥면,47210
47210380,umd,단산면,경상북도 영주시 단산면,47210
47210390,umd,부석면,경상북도 영주시 부석면,47210
47230101,umd,조교동,경상북도 영천시 조교동,47230
47230102,umd,망정동,경상북도 영천시 망정동,47230
47230103,umd,야사동,경상북도 영천시 야사동,47230
47230104,umd,문내동,경상북도 영천시 문내동,47230
47230105,umd,문외동,경상북도 영천시 문외동,47230
47230106,umd,창구동,경상북도 영천시 창구동,47230
47230107,umd,교촌동,경상북도 영천시 교촌동,47230
47230108,umd,과전동,경상북도 영천시 과전동,47230
47230109,umd,성내동,경상북도 영천시 성내동,47230
47230110,umd,화룡동,경상북도 영천시 화룡동,47230
47230111,umd,도동,경상북도 영천시 도동,47230
47230112,umd,금노동,경상북도 영천시 금노동,47230
47230113,umd,완산동,경상북도 영천시 완산동,47230
47230114,umd,범어동,경상북도 영천시 범어동,47230
47230115,umd,작산동,경상북도 영천시 작산동,47230
47230116,umd,봉동,경상북도 영천시 봉동,47230
47230117,umd,본촌동,경상북도 영천시 본촌동,47230
47230118,umd,채신동,경상북도 영천시 채신동,47230
47230119,umd,괴연동,경상북도 영천시 괴연동,47230
47230120,umd,대전동,경상북도 영천시 대전동,47230
47230121,umd,녹전동,경상북도 영천시 녹전동,47230
47230122,umd,도림동,경상북도 영천시 도림동,47230
47230123,umd,오미동,경상북도 영천시 오미동,47230
47230124,umd,오수동,경상북도 영천시 오수동,47230
47230125,umd,쌍계동,경상북도 영천시 쌍계동,47230
47230126,umd,도남동,경상북도 영천시 도남동,47230
47230127,umd,매산동,경상북도 영천시 매산동,47230
47230128,umd,언하동,경상북도 영천시 언하동,47230
47230129,umd,신기동,경상북도 영천시 신기동,47230
47230130,umd,서산동,경상북도 영천시 서산동,47230
47230250,umd,금호읍,경상북도 영천시 금호읍,47230
47230310,umd,청통면,경상북도 영천시 청통면,47230
47230320,umd,신녕면,경상북도 영천시 신녕면,47230
47230330,umd,화산면,경상북도 영천시 화산면,47230
47230340,umd,화북면,경상북도 영천시 화북면,47230
47230350,umd,화남면,경상북도 영천시 화남면,47230
47230360,umd,자양면,경상북도 영천시 자양면,47230
47230370,umd,임고면,경상북도 영천시 임고면,47230
47230380,umd,고경면,경상북도 영천시 고경면,47230
47230390,umd,북안면,경상북도 영천시 북안면,47230
47230400,umd,대창면,경상북도 영천시 대창면,47230
47250101,umd,성하동,경상북도 상주시 성하동,47250
47250102,umd,성동동,경상북도 상주시 성동동,47250
47250103,umd,인봉동,경상북도 상주시 인봉동,47250
47250104,umd,복룡동,경상북도 상주시 복룡동,47250
47250105,umd,냉림동,경상북도 상주시 냉림동,47250
47250106,umd,서성동,경상북도 상주시 서성동,47250
47250107,umd,남성동,경상북도 상주시 남성동,47250
47250108,umd,서문동,경상북도 상주시 서문동,47250
47250109,umd,무양동,경상북도 상주시 무양동,47250
47250110,umd,낙양동,경상북도 상주시 낙양동,47250
47250111,umd,개운동,경상북도 상주시 개운동,47250
47250112,umd,신봉동,경상북도 상주시 신봉동,47250
47250113,umd,가장동,경상북도 상주시 가장동,47250
47250114,umd,양촌동,경상북도 상주시 양촌동,47250
47250115,umd,지천동,경상북도 상주시 지천동,47250
47250116,umd,오대동,경상북도 상주시 오대동,47250
47250117,umd,흥각동,경상북도 상주시 흥각동,47250
47250118,umd,거동동,경상북도 상주시 거동동,47250
47250119,umd,인평동,경상북도 상주시 인평동,47250
47250120,umd,서곡동,경상북도 상주시 서곡동,47250
47250121,umd,화개동,경상북도 상주시 화개동,47250
47250122,umd,외답동,경상북도 상주시 외답동,47250
47250123,umd,헌신동,경상북도 상주시 헌신동,47250
47250124,umd,병성동,경상북도 상주시 병성동,47250
47250125,umd,도남동,경상북도 상주시 도남동,47250
47250126,umd,낙상동,경상북도 상주시 낙상동,47250
47250127,umd,중덕동,경상북도 상주시 중덕동,47250
47250128,umd,초산동,경상북도 상주시 초산동,47250
47250129,umd,화산동,경상북도 상주시 화산동,47250
47250130,umd,계산동,경상북도 상주시 계산동,47250
47250131,umd,부원동,경상북도 상주시 부원동,47250
47250132,umd,죽전동,경상북도 상주시 죽전동,47250
47250133,umd,만산동,경상북도 상주시 만산동,47250
47250134,umd,연원동,경상북도 상주시 연원동,47250
47250135,umd,남장동,경상북도 상주시 남장동,47250
47250136,umd,남적동,경상북도 상주시 남적동,47250
47250250,umd,함창읍,경상북도 상주시 함창읍,47250
47250310,umd,중동면,경상북도 상주시 중동면,47250
47250325,umd,사벌국면,경상북도 상주시 사벌국면,47250
47250330,umd,낙동면,경상북도 상주시 낙동면,47250
47250340,umd,청리면,경상북도 상주시 청리면,47250
47250350,umd,공성면,경상북도 상주시 공성면,47250
47250360,umd,외남면,경상북도 상주시 외남면,47250
47250370,umd,내서면,경상북도 상주시 내서면,47250
47250380,umd,모동면,경상북도 상주시 모동면,47250
47250390,umd,모서면,경상북도 상주시 모서면,47250
47250400,umd,화동면,경상북도 상주시 화동면,47250
47250410,umd,화서면,경상북도 상주시 화서면,47250
47250420,umd,화북면,경상북도 상주시 화북면,47250
47250430,umd,외서면,경상북도 상주시 외서면,47250
47250440,umd,은척면,경상북도 상주시 은척면,47250
47250450,umd,공검면,경상북도 상주시 공검면,47250
47250460,umd,이안면,경상북도 상주시 이안면,47250
47250470,umd,화남면,경상북도 상주시 화남면,47250
47280101,umd,점촌동,경상북도 문경시 점촌동,47280
47280102,umd,영신동,경상북도 문경시 영신동,47280
47280103,umd,흥덕동,경상북도 문경시 흥덕동,47280
47280104,umd,우지동,경상북도 문경시 우지동,47280
47280105,umd,창동,경상북도 문경시 창동,47280
47280106,umd,신기동,경상북도 문경시 신기동,47280
47280107,umd,불정동,경상북도 문경시 불정동,47280
47280108,umd,유곡동,경상북도 문경시 유곡동,47280
47280109,umd,공평동,경상북도 문경시 공평동,47280
47280110,umd,모전동,경상북도 문경시 모전동,47280
47280111,umd,윤직동,경상북도 문경시 윤직동,47280
47280250,umd,문경읍,경상북도 문경시 문경읍,47280
47280253,umd,가은읍,경상북도 문경시 가은읍,47280
47280310,umd,영순면,경상북도 문경시 영순면,47280
47280320,umd,산양면,경상북도 문경시 산양면,47280
47280330,umd,호계면,경상북도 문경시 호계면,47280
47280340,umd,산북면,경상북도 문경시 산북면,47280
47280350,umd,동로면,경상북도 문경시 동로면,47280
47280360,umd,마성면,경상북도 문경시 마성면,47280
47280370,umd,농암면,경상북도 문경시 농암면,47280
47290101,umd,삼남동,경상북도 경산시 삼남동,47290
47290102,umd,삼북동,경상북도 경산시 삼북동,47290
47290103,umd,서상동,경상북도 경산시 서상동,47290
47290104,umd,신교동,경상북도 경산시 신교동,47290
47290105,umd,상방동,경상북도 경산시 상방동,47290
47290106,umd,백천동,경상북도 경산시 백천동,47290
47290107,umd,옥곡동,경상북도 경산시 옥곡동,47290
47290108,umd,사정동,경상북도 경산시 사정동,47290
47290109,umd,옥산동,경상북도 경산시 옥산동,47290
47290110,umd,중산동,경상북도 경산시 중산동,47290
47290111,umd,정평동,경상북도 경산시 정평동,47290
47290112,umd,대평동,경상북도 경산시 대평동,47290
47290113,umd,대정동,경상북도 경산시 대정동,47290
47290114,umd,임당동,경상북도 경산시 임당동,47290
47290115,umd,대동,경상북도 경산시 대동,47290
47290116,umd,계양동,경상북도 경산시 계양동,47290
47290117,umd,중방동,경상북도 경산시 중방동,47290
47290118,umd,조영동,경상북도 경산시 조영동,47290
47290119,umd,남방동,경상북도 경산시 남방동,47290
47290120,umd,내동,경상북도 경산시 내동,47290
47290121,umd,여천동,경상북도 경산시 여천동,47290
47290122,umd,유곡동,경상북도 경산시 유곡동,47290
47290123,umd,신천동,경상북도 경산시 신천동,47290
47290124,umd,점촌동,경상북도 경산시 점촌동,47290
47290125,umd,평산동,경상북도 경산시 평산동,47290
47290126,umd,사동,경상북도 경산시 사동,47290
47290127,umd,삼풍동,경상북도 경산시 삼풍동,47290
47290128,umd,갑제동,경상북도 경산시 갑제동,47290
47290250,umd,하양읍,경상북도 경산시 하양읍,47290
47290253,umd,진량읍,경상북도 경산시 진량읍,47290
47290256,umd,압량읍,경상북도 경산시 압량읍,47290
47290310,umd,와촌면,경상북도 경산시 와촌면,47290
47290330,umd,자인면,경상북도 경산시 자인면,47290
47290340,umd,용성면,경상북도 경산시 용성면,47290
47290350,umd,남산면,경상북도 경산시 남산면,47290
47290370,umd,남천면,경상북도 경산시 남천면,47290
47730250,umd,의성읍,경상북도 의성군 의성읍,47730
47730310,umd,단촌면,경상북도 의성군 단촌면,47730
47730320,umd,점곡면,경상북도 의성군 점곡면,47730
47730330,umd,옥산면,경상북도 의성군 옥산면,47730
47730340,umd,사곡면,경상북도 의성군 사곡면,47730
47730350,umd,춘산면,경상북도 의성군 춘산면,47730
47730360,umd,가음면,경상북도 의성군 가음면,47730
47730370,umd,금성면,경상북도 의성군 금성면,47730
47730380,umd,봉양면,경상북도 의성군 봉양면,47730
47730390,umd,비안면,경상북도 의성군 비안면,47730
47730400,umd,구천면,경상북도 의성군 구천면,47730
47730410,umd,단밀면,경상북도 의성군 단밀면,47730
47730420,umd,단북면,경상북도 의성군 단북면,47730
47730430,umd,안계면,경상북도 의성군 안계면,47730
47730440,umd,다인면,경상북도 의성군 다인면,47730
47730450,umd,신평면,경상북도 의성군 신평면,47730
47730460,umd,안평면,경상북도 의성군 안평면,47730
47730470,umd,안사면,경상북도 의성군 안사면,47730
47750250,umd,청송읍,경상북도 청송군 청송읍,47750
47750315,umd,주왕산면,경상북도 청송군 주왕산면,47750
47750320,umd,부남면,경상북도 청송군 부남면,47750
47750330,umd,현동면,경상북도 청송군 현동면,47750
47750340,umd,현서면,경상북도 청송군 현서면,47750
47750350,umd,안덕면,경상북도 청송군 안덕면,47750
47750360,umd,파천면,경상북도 청송군 파천면,47750
47750370,umd,진보면,경상북도 청송군 진보면,47750
47760250,umd,영양읍,경상북도 영양군 영양읍,47760
47760310,umd,입암면,경상북도 영양군 입암면,47760
47760320,umd,청기면,경상북도 영양군 청기면,47760
47760330,umd,일월면,경상북도 영양군 일월면,47760
47760340,umd,수비면,경상북도 영양군 수비면,47760
47760350,umd,석보면,경상북도 영양군 석보면,47760
47770250,umd,영덕읍,경상북도 영덕군 영덕읍,47770
47770310,umd,강구면,경상북도 영덕군 강구면,47770
47770320,umd,남정면,경상북도 영덕군 남정면,47770
47770330,umd,달산면,경상북도 영덕군 달산면,47770
47770340,umd,지품면,경상북도 영덕군 지품면,47770
47770350,umd,축산면,경상북도 영덕군 축산면,47770
47770360,umd,영해면,경상북도 영덕군 영해면,47770
47770370,umd,병곡면,경상북도 영덕군 병곡면,47770
47770380,umd,창수면,경상북도 영덕군 창수면,47770
47820250,umd,화양읍,경상북도 청도군 화양읍,47820
47820253,umd,청도읍,경상북도 청도군 청도읍,47820
47820310,umd,각남면,경상북도 청도군 각남면,47820
47820320,umd,풍각면,경상북도 청도군 풍각면,47820
47820330,umd,각북면,경상북도 청도군 각북면,47820
47820340,umd,이서면,경상북도 청도군 이서면,47820
47820350,umd,운문면,경상북도 청도군 운문면,47820
47820360,umd,금천면,경상북도 청도군 금천면,47820
47820370,umd,매전면,경상북도 청도군 매전면,47820
47830253,umd,대가야읍,경상북도 고령군 대가야읍,47830
47830310,umd,덕곡면,경상북도 고령군 덕곡면,47830
47830320,umd,운수면,경상북도 고령군 운수면,47830
47830330,umd,성산면,경상북도 고령군 성산면,47830
47830340,umd,다산면,경상북도 고령군 다산면,47830
47830350,umd,개진면,경상북도 고령군 개진면,47830
47830360,umd,우곡면,경상북도 고령군 우곡면,47830
47830370,umd,쌍림면,경상북도 고령군 쌍림면,47830
47840250,umd,성주읍,경상북도 성주군 성주읍,47840
47840310,umd,선남면,경상북도 성주군 선남면,47840
47840320,umd,용암면,경상북도 성주군 용암면,47840
47840330,umd,수륜면,경상북도 성주군 수륜면,47840
47840340,umd,가천면,경상북도 성주군 가천면,47840
47840355,umd,금수강산면,경상북도 성주군 금수강산면,47840
47840360,umd,대가면,경상북도 성주군 대가면,47840
47840370,umd,벽진면,경상북도 성주군 벽진면,47840
47840380,umd,초전면,경상북도 성주군 초전면,47840
47840390,umd,월항면,경상북도 성주군 월항면,47840
47850250,umd,왜관읍,경상북도 칠곡군 왜관읍,47850
47850253,umd,북삼읍,경상북도 칠곡군 북삼읍,47850
47850256,umd,석적읍,경상북도 칠곡군 석적읍,47850
47850310,umd,지천면,경상북도 칠곡군 지천면,47850
47850320,umd,동명면,경상북도 칠곡군 동명면,47850
47850330,umd,가산면,경상북도 칠곡군 가산면,47850
47850360,umd,약목면,경상북도 칠곡군 약목면,47850
47850370,umd,기산면,경상북도 칠곡군 기산면,47850
47900250,umd,예천읍,경상북도 예천군 예천읍,47900
47900253,umd,호명읍,경상북도 예천군 호명읍,47900
47900310,umd,용문면,경상북도 예천군 용문면,47900
47900340,umd,감천면,경상북도 예천군 감천면,47900
47900350,umd,보문면,경상북도 예천군 보문면,47900
47900370,umd,유천면,경상북도 예천군 유천면,47900
47900380,umd,용궁면,경상북도 예천군 용궁면,47900
47900390,umd,개포면,경상북도 예천군 개포면,47900
47900400,umd,지보면,경상북도 예천군 지보면,47900
47900410,umd,풍양면,경상북도 예천군 풍양면,47900
47900420,umd,효자면,경상북도 예천군 효자면,47900
47900430,umd,은풍면,경상북도 예천군 은풍면,47900
47920250,umd,봉화읍,경상북도 봉화군 봉화읍,47920
47920310,umd,물야면,경상북도 봉화군 물야면,47920
47920320,umd,봉성면,경상북도 봉화군 봉성면,47920
47920330,umd,법전면,경상북도 봉화군 법전면,47920
47920340,umd,춘양면,경상북도 봉화군 춘양면,47920
47920350,umd,소천면,경상북도 봉화군 소천면,47920
47920360,umd,재산면,경상북도 봉화군 재산면,47920
47920370,umd,명호면,경상북도 봉화군 명호면,47920
47920380,umd,상운면,경상북도 봉화군 상운면,47920
47920390,umd,석포면,경상북도 봉화군 석포면,47920
47930250,umd,울진읍,경상북도 울진군 울진읍,47930
47930253,umd,평해읍,경상북도 울진군 평해읍,47930
47930310,umd,북면,경상북도 울진군 북면,47930
47930330,umd,근남면,경상북도 울진군 근남면,47930
47930350,umd,기성면,경상북도 울진군 기성면,47930
47930360,umd,온정면,경상북도 울진군 온정면,47930
47930370,umd,죽변면,경상북도 울진군 죽변면,47930
47930380,umd,후포면,경상북도 울진군 후포면,47930
47930390,umd,금강송면,경상북도 울진군 금강송면,47930
47930400,umd,매화면,경상북도 울진군 매화면,47930
47940250,umd,울릉읍,경상북도 울릉군 울릉읍,47940
47940310,umd,서면,경상북도 울릉군 서면,47940
47940320,umd,북면,경상북도 울릉군 북면,47940
48121101,umd,북동,경상남도 창원시 의창구 북동,48121
48121102,umd,중동,경상남도 창원시 의창구 중동,48121
48121103,umd,서상동,경상남도 창원시 의창구 서상동,48121
48121104,umd,소답동,경상남도 창원시 의창구 소답동,48121
48121105,umd,도계동,경상남도 창원시 의창구 도계동,48121
48121106,umd,동정동,경상남도 창원시 의창구 동정동,48121
48121107,umd,소계동,경상남도 창원시 의창구 소계동,48121
48121108,umd,용동,경상남도 창원시 의창구 용동,48121
48121112,umd,덕정동,경상남도 창원시 의창구 덕정동,48121
48121113,umd,지귀동,경상남도 창원시 의창구 지귀동,48121
48121114,umd,서곡동,경상남도 창원시 의창구 서곡동,48121
48121116,umd,봉림동,경상남도 창원시 의창구 봉림동,48121
48121117,umd,퇴촌동,경상남도 창원시 의창구 퇴촌동,48121
48121118,umd,명곡동,경상남도 창원시 의창구 명곡동,48121
48121119,umd,반계동,경상남도 창원시 의창구 반계동,48121
48121120,umd,사화동,경상남도 창원시 의창구 사화동,48121
48121121,umd,차용동,경상남도 창원시 의창구 차용동,48121
48121122,umd,내리동,경상남도 창원시 의창구 내리동,48121
48121124,umd,명서동,경상남도 창원시 의창구 명서동,48121
48121125,umd,사림동,경상남도 창원시 의창구 사림동,48121
48121127,umd,봉곡동,경상남도 창원시 의창구 봉곡동,48121
48121129,umd,팔용동,경상남도 창원시 의창구 팔용동,48121
48121250,umd,동읍,경상남도 창원시 의창구 동읍,48121
48121310,umd,북면,경상남도 창원시 의창구 북면,48121
48121320,umd,대산면,경상남도 창원시 의창구 대산면,48121
48123101,umd,토월동,경상남도 창원시 성산구 토월동,48123
48123102,umd,사파정동,경상남도 창원시 성산구 사파정동,48123
48123103,umd,가음정동,경상남도 창원시 성산구 가음정동,48123
48123104,umd,외동,경상남도 창원시 성산구 외동,48123
48123105,umd,대방동,경상남도 창원시 성산구 대방동,48123
48123106,umd,남산동,경상남도 창원시 성산구 남산동,48123
48123107,umd,삼정자동,경상남도 창원시 성산구 삼정자동,48123
48123108,umd,천선동,경상남도 창원시 성산구 천선동,48123
48123109,umd,불모산동,경상남도 창원시 성산구 불모산동,48123
48123110,umd,안민동,경상남도 창원시 성산구 안민동,48123
48123111,umd,내동,경상남도 창원시 성산구 내동,48123
48123112,umd,남지동,경상남도 창원시 성산구 남지동,48123
48123113,umd,상복동,경상남도 창원시 성산구 상복동,48123
48123114,umd,완암동,경상남도 창원시 성산구 완암동,48123
48123115,umd,창곡동,경상남도 창원시 성산구 창곡동,48123
48123116,umd,월림동,경상남도 창원시 성산구 월림동,48123
48123117,umd,적현동,경상남도 창원시 성산구 적현동,48123
48123118,umd,양곡동,경상남도 창원시 성산구 양곡동,48123
48123119,umd,반송동,경상남도 창원시 성산구 반송동,48123
48123120,umd,귀산동,경상남도 창원시 성산구 귀산동,48123
48123121,umd,귀곡동,경상남도 창원시 성산구 귀곡동,48123
48123122,umd,귀현동,경상남도 창원시 성산구 귀현동,48123
48123123,umd,신촌동,경상남도 창원시 성산구 신촌동,48123
48123124,umd,반지동,경상남도 창원시 성산구 반지동,48123
48123125,umd,중앙동,경상남도 창원시 성산구 중앙동,48123
48123126,umd,반림동,경상남도 창원시 성산구 반림동,48123
48123127,umd,상남동,경상남도 창원시 성산구 상남동,48123
48123128,umd,성주동,경상남도 창원시 성산구 성주동,48123
48123129,umd,웅남동,경상남도 창원시 성산구 웅남동,48123
48123130,umd,사파동,경상남도 창원시 성산구 사파동,48123
48123131,umd,가음동,경상남도 창원시 성산구 가음동,48123
48123132,umd,성산동,경상남도 창원시 성산구 성산동,48123
48123133,umd,남양동,경상남도 창원시 성산구 남양동,48123
48123134,umd,용지동,경상남도 창원시 성산구 용지동,48123
48123135,umd,용호동,경상남도 창원시 성산구 용호동,48123
48123136,umd,신월동,경상남도 창원시 성산구 신월동,48123
48123137,umd,대원동,경상남도 창원시 성산구 대원동,48123
48123138,umd,두대동,경상남도 창원시 성산구 두대동,48123
48123139,umd,삼동동,경상남도 창원시 성산구 삼동동,48123
48123140,umd,덕정동,경상남도 창원시 성산구 덕정동,48123
48123141,umd,퇴촌동,경상남도 창원시 성산구 퇴촌동,48123
48125101,umd,가포동,경상남도 창원시 마산합포구 가포동,48125
48125102,umd,교방동,경상남도 창원시 마산합포구 교방동,48125
48125103,umd,교원동,경상남도 창원시 마산합포구 교원동,48125
48125104,umd,남성동,경상남도 창원시 마산합포구 남성동,48125
48125105,umd,대내동,경상남도 창원시 마산합포구 대내동,48125
48125106,umd,대성동1가,경상남도 창원시 마산합포구 대성동1가,48125
48125107,umd,대성동2가,경상남도 창원시 마산합포구 대성동2가,48125
48125108,umd,대외동,경상남도 창원시 마산합포구 대외동,48125
48125109,umd,대창동,경상남도 창원시 마산합포구 대창동,48125
48125110,umd,덕동동,경상남도 창원시 마산합포구 덕동동,48125
48125111,umd,동성동,경상남도 창원시 마산합포구 동성동,48125
48125112,umd,두월동1가,경상남도 창원시 마산합포구 두월동1가,48125
48125113,umd,두월동2가,경상남도 창원시 마산합포구 두월동2가,48125
48125114,umd,두월동3가,경상남도 창원시 마산합포구 두월동3가,48125
48125115,umd,문화동,경상남도 창원시 마산합포구 문화동,48125
48125116,umd,반월동,경상남도 창원시 마산합포구 반월동,48125
48125117,umd,부림동,경상남도 창원시 마산합포구 부림동,48125
48125118,umd,산호동,경상남도 창원시 마산합포구 산호동,48125
48125119,umd,상남동,경상남도 창원시 마산합포구 상남동,48125
48125120,umd,서성동,경상남도 창원시 마산합포구 서성동,48125
48125121,umd,성호동,경상남도 창원시 마산합포구 성호동,48125
48125122,umd,수성동,경상남도 창원시 마산합포구 수성동,48125
48125123,umd,신월동,경상남도 창원시 마산합포구 신월동,48125
48125124,umd,신창동,경상남도 창원시 마산합포구 신창동,48125
48125125,umd,신포동1가,경상남도 창원시 마산합포구 신포동1가,48125
48125126,umd,신포동2가,경상남도 창원시 마산합포구 신포동2가,48125
48125127,umd,신흥동,경상남도 창원시 마산합포구 신흥동,48125
48125128,umd,완월동,경상남도 창원시 마산합포구 완월동,48125
48125129,umd,월남동1가,경상남도 창원시 마산합포구 월남동1가,48125
48125130,umd,월남동2가,경상남도 창원시 마산합포구 월남동2가,48125
48125131,umd,월남동3가,경상남도 창원시 마산합포구 월남동3가,48125
48125132,umd,월남동4가,경상남도 창원시 마산합포구 월남동4가,48125
48125133,umd,월남동5가,경상남도 창원시 마산합포구 월남동5가,48125
48125134,umd,월영동,경상남도 창원시 마산합포구 월영동,48125
48125135,umd,월포동,경상남도 창원시 마산합포구 월포동,48125
48125136,umd,예곡동,경상남도 창원시 마산합포구 예곡동,48125
48125137,umd,오동동,경상남도 창원시 마산합포구 오동동,48125
48125138,umd,우산동,경상남도 창원시 마산합포구 우산동,48125
48125139,umd,유록동,경상남도 창원시 마산합포구 유록동,48125
48125140,umd,자산동,경상남도 창원시 마산합포구 자산동,48125
48125141,umd,장군동1가,경상남도 창원시 마산합포구 장군동1가,48125
48125142,umd,장군동2가,경상남도 창원시 마산합포구 장군동2가,48125
48125143,umd,장군동3가,경상남도 창원시 마산합포구 장군동3가,48125
48125144,umd,장군동4가,경상남도 창원시 마산합포구 장군동4가,48125
48125145,umd,장군동5가,경상남도 창원시 마산합포구 장군동5가,48125
48125146,umd,중성동,경상남도 창원시 마산합포구 중성동,48125
48125147,umd,중앙동1가,경상남도 창원시 마산합포구 중앙동1가,48125
48125148,umd,중앙동2가,경상남도 창원시 마산합포구 중앙동2가,48125
48125149,umd,중앙동3가,경상남도 창원시 마산합포구 중앙동3가,48125
48125150,umd,창동,경상남도 창원시 마산합포구 창동,48125
48125151,umd,창포동1가,경상남도 창원시 마산합포구 창포동1가,48125
48125152,umd,창포동2가,경상남도 창원시 마산합포구 창포동2가,48125
48125153,umd,창포동3가,경상남도 창원시 마산합포구 창포동3가,48125
48125154,umd,청계동,경상남도 창원시 마산합포구 청계동,48125
48125155,umd,추산동,경상남도 창원시 마산합포구 추산동,48125
48125156,umd,평화동,경상남도 창원시 마산합포구 평화동,48125
48125157,umd,화영동,경상남도 창원시 마산합포구 화영동,48125
48125158,umd,해운동,경상남도 창원시 마산합포구 해운동,48125
48125159,umd,현동,경상남도 창원시 마산합포구 현동,48125
48125160,umd,홍문동,경상남도 창원시 마산합포구 홍문동,48125
48125310,umd,구산면,경상남도 창원시 마산합포구 구산면,48125
48125320,umd,진동면,경상남도 창원시 마산합포구 진동면,48125
48125330,umd,진북면,경상남도 창원시 마산합포구 진북면,48125
48125340,umd,진전면,경상남도 창원시 마산합포구 진전면,48125
48127101,umd,구암동,경상남도 창원시 마산회원구 구암동,48127
48127102,umd,두척동,경상남도 창원시 마산회원구 두척동,48127
48127103,umd,봉암동,경상남도 창원시 마산회원구 봉암동,48127
48127104,umd,석전동,경상남도 창원시 마산회원구 석전동,48127
48127105,umd,양덕동,경상남도 창원시 마산회원구 양덕동,48127
48127106,umd,합성동,경상남도 창원시 마산회원구 합성동,48127
48127107,umd,회성동,경상남도 창원시 마산회원구 회성동,48127
48127108,umd,회원동,경상남도 창원시 마산회원구 회원동,48127
48127250,umd,내서읍,경상남도 창원시 마산회원구 내서읍,48127
48129101,umd,동상동,경상남도 창원시 진해구 동상동,48129
48129102,umd,도천동,경상남도 창원시 진해구 도천동,48129
48129103,umd,도만동,경상남도 창원시 진해구 도만동,48129
48129104,umd,신흥동,경상남도 창원시 진해구 신흥동,48129
48129105,umd,현동,경상남도 창원시 진해구 현동,48129
48129106,umd,비봉동,경상남도 창원시 진해구 비봉동,48129
48129107,umd,태평동,경상남도 창원시 진해구 태평동,48129
48129108,umd,충의동,경상남도 창원시 진해구 충의동,48129
48129109,umd,무송동,경상남도 창원시 진해구 무송동,48129
48129110,umd,인의동,경상남도 창원시 진해구 인의동,48129
48129111,umd,숭인동,경상남도 창원시 진해구 숭인동,48129
48129112,umd,대영동,경상남도 창원시 진해구 대영동,48129
48129113,umd,남빈동,경상남도 창원시 진해구 남빈동,48129
48129114,umd,앵곡동,경상남도 창원시 진해구 앵곡동,48129
48129115,umd,제황산동,경상남도 창원시 진해구 제황산동,48129
48129116,umd,속천동,경상남도 창원시 진해구 속천동,48129
48129117,umd,대죽동,경상남도 창원시 진해구 대죽동,48129
48129118,umd,안곡동,경상남도 창원시 진해구 안곡동,48129
48129119,umd,수송동,경상남도 창원시 진해구 수송동,48129
48129120,umd,회현동,경상남도 창원시 진해구 회현동,48129
48129121,umd,익선동,경상남도 창원시 진해구 익선동,48129
48129122,umd,창선동,경상남도 창원시 진해구 창선동,48129
48129123,umd,대천동,경상남도 창원시 진해구 대천동,48129
48129124,umd,광화동,경상남도 창원시 진해구 광화동,48129
48129125,umd,통신동,경상남도 창원시 진해구 통신동,48129
48129126,umd,중앙동,경상남도 창원시 진해구 중앙동,48129
48129127,umd,부흥동,경상남도 창원시 진해구 부흥동,48129
48129128,umd,중평동,경상남도 창원시 진해구 중평동,48129
48129129,umd,근화동,경상남도 창원시 진해구 근화동,48129
48129130,umd,송죽동,경상남도 창원시 진해구 송죽동,48129
48129131,umd,화천동,경상남도 창원시 진해구 화천동,48129
48129132,umd,송학동,경상남도 창원시 진해구 송학동,48129
48129133,umd,대흥동,경상남도 창원시 진해구 대흥동,48129
48129134,umd,평안동,경상남도 창원시 진해구 평안동,48129
48129135,umd,충무동,경상남도 창원시 진해구 충무동,48129
48129136,umd,인사동,경상남도 창원시 진해구 인사동,48129
48129137,umd,여좌동,경상남도 창원시 진해구 여좌동,48129
48129138,umd,태백동,경상남도 창원시 진해구 태백동,48129
48129139,umd,경화동,경상남도 창원시 진해구 경화동,48129
48129140,umd,석동,경상남도 창원시 진해구 석동,48129
48129141,umd,이동,경상남도 창원시 진해구 이동,48129
48129142,umd,자은동,경상남도 창원시 진해구 자은동,48129
48129143,umd,덕산동,경상남도 창원시 진해구 덕산동,48129
48129144,umd,풍호동,경상남도 창원시 진해구 풍호동,48129
48129145,umd,장천동,경상남도 창원시 진해구 장천동,48129
48129146,umd,행암동,경상남도 창원시 진해구 행암동,48129
48129147,umd,북부동,경상남도 창원시 진해구 북부동,48129
48129148,umd,성내동,경상남도 창원시 진해구 성내동,48129
48129149,umd,서중동,경상남도 창원시 진해구 서중동,48129
48129150,umd,남문동,경상남도 창원시 진해구 남문동,48129
48129151,umd,제덕동,경상남도 창원시 진해구 제덕동,48129
48129152,umd,수도동,경상남도 창원시 진해구 수도동,48129
48129153,umd,연도동,경상남도 창원시 진해구 연도동,48129
48129154,umd,명동,경상남도 창원시 진해구 명동,48129
48129155,umd,죽곡동,경상남도 창원시 진해구 죽곡동,48129
48129156,umd,원포동,경상남도 창원시 진해구 원포동,48129
48129157,umd,남양동,경상남도 창원시 진해구 남양동,48129
48129158,umd,마천동,경상남도 창원시 진해구 마천동,48129
48129159,umd,소사동,경상남도 창원시 진해구 소사동,48129
48129160,umd,대장동,경상남도 창원시 진해구 대장동,48129
48129161,umd,두동,경상남도 창원시 진해구 두동,48129
48129162,umd,청안동,경상남도 창원시 진해구 청안동,48129
48129163,umd,안골동,경상남도 창원시 진해구 안골동,48129
48129164,umd,용원동,경상남도 창원시 진해구 용원동,48129
48129165,umd,가주동,경상남도 창원시 진해구 가주동,48129
48170101,umd,망경동,경상남도 진주시 망경동,48170
48170102,umd,주약동,경상남도 진주시 주약동,48170
48170103,umd,강남동,경상남도 진주시 강남동,48170
48170104,umd,칠암동,경상남도 진주시 칠암동,48170
48170105,umd,본성동,경상남도 진주시 본성동,48170
48170106,umd,동성동,경상남도 진주시 동성동,48170
48170107,umd,남성동,경상남도 진주시 남성동,48170
48170108,umd,인사동,경상남도 진주시 인사동,48170
48170109,umd,대안동,경상남도 진주시 대안동,48170
48170110,umd,평안동,경상남도 진주시 평안동,48170
48170111,umd,중안동,경상남도 진주시 중안동,48170
48170112,umd,계동,경상남도 진주시 계동,48170
48170113,umd,봉곡동,경상남도 진주시 봉곡동,48170
48170114,umd,상봉동,경상남도 진주시 상봉동,48170
48170115,umd,봉래동,경상남도 진주시 봉래동,48170
48170116,umd,수정동,경상남도 진주시 수정동,48170
48170117,umd,장대동,경상남도 진주시 장대동,48170
48170118,umd,옥봉동,경상남도 진주시 옥봉동,48170
48170119,umd,상대동,경상남도 진주시 상대동,48170
48170120,umd,하대동,경상남도 진주시 하대동,48170
48170121,umd,상평동,경상남도 진주시 상평동,48170
48170122,umd,초전동,경상남도 진주시 초전동,48170
48170123,umd,장재동,경상남도 진주시 장재동,48170
48170124,umd,하촌동,경상남도 진주시 하촌동,48170
48170125,umd,신안동,경상남도 진주시 신안동,48170
48170126,umd,평거동,경상남도 진주시 평거동,48170
48170127,umd,이현동,경상남도 진주시 이현동,48170
48170128,umd,유곡동,경상남도 진주시 유곡동,48170
48170129,umd,판문동,경상남도 진주시 판문동,48170
48170130,umd,귀곡동,경상남도 진주시 귀곡동,48170
48170131,umd,가좌동,경상남도 진주시 가좌동,48170
48170132,umd,호탄동,경상남도 진주시 호탄동,48170
48170137,umd,충무공동,경상남도 진주시 충무공동,48170
48170250,umd,문산읍,경상남도 진주시 문산읍,48170
48170310,umd,내동면,경상남도 진주시 내동면,48170
48170320,umd,정촌면,경상남도 진주시 정촌면,48170
48170330,umd,금곡면,경상남도 진주시 금곡면,48170
48170350,umd,진성면,경상남도 진주시 진성면,48170
48170360,umd,일반성면,경상남도 진주시 일반성면,48170
48170370,umd,이반성면,경상남도 진주시 이반성면,48170
48170380,umd,사봉면,경상남도 진주시 사봉면,48170
48170390,umd,지수면,경상남도 진주시 지수면,48170
48170400,umd,대곡면,경상남도 진주시 대곡면,48170
48170410,umd,금산면,경상남도 진주시 금산면,48170
48170420,umd,집현면,경상남도 진주시 집현면,48170
48170430,umd,미천면,경상남도 진주시 미천면,48170
48170440,umd,명석면,경상남도 진주시 명석면,48170
48170450,umd,대평면,경상남도 진주시 대평면,48170
48170460,umd,수곡면,경상남도 진주시 수곡면,48170
48220101,umd,도천동,경상남도 통영시 도천동,48220
48220102,umd,서호동,경상남도 통영시 서호동,48220
48220103,umd,명정동,경상남도 통영시 명정동,48220
48220104,umd,항남동,경상남도 통영시 항남동,48220
48220105,umd,중앙동,경상남도 통영시 중앙동,48220
48220106,umd,문화동,경상남도 통영시 문화동,48220
48220107,umd,태평동,경상남도 통영시 태평동,48220
48220108,umd,동호동,경상남도 통영시 동호동,48220
48220109,umd,정량동,경상남도 통영시 정량동,48220
48220110,umd,북신동,경상남도 통영시 북신동,48220
48220111,umd,무전동,경상남도 통영시 무전동,48220
48220112,umd,평림동,경상남도 통영시 평림동,48220
48220113,umd,인평동,경상남도 통영시 인평동,48220
48220114,umd,당동,경상남도 통영시 당동,48220
48220115,umd,미수동,경상남도 통영시 미수동,48220
48220116,umd,봉평동,경상남도 통영시 봉평동,48220
48220117,umd,도남동,경상남도 통영시 도남동,48220
48220250,umd,산양읍,경상남도 통영시 산양읍,48220
48220310,umd,용남면,경상남도 통영시 용남면,48220
48220330,umd,도산면,경상남도 통영시 도산면,48220
48220340,umd,광도면,경상남도 통영시 광도면,48220
48220350,umd,욕지면,경상남도 통영시 욕지면,48220
48220360,umd,한산면,경상남도 통영시 한산면,48220
48220370,umd,사량면,경상남도 통영시 사량면,48220
48240101,umd,동동,경상남도 사천시 동동,48240
48240102,umd,서동,경상남도 사천시 서동,48240
48240103,umd,선구동,경상남도 사천시 선구동,48240
48240104,umd,동금동,경상남도 사천시 동금동,48240
48240105,umd,서금동,경상남도 사천시 서금동,48240
48240106,umd,동림동,경상남도 사천시 동림동,48240
48240107,umd,좌룡동,경상남도 사천시 좌룡동,48240
48240108,umd,벌리동,경상남도 사천시 벌리동,48240
48240109,umd,용강동,경상남도 사천시 용강동,48240
48240110,umd,와룡동,경상남도 사천시 와룡동,48240
48240111,umd,봉남동,경상남도 사천시 봉남동,48240
48240112,umd,이금동,경상남도 사천시 이금동,48240
48240113,umd,이홀동,경상남도 사천시 이홀동,48240
48240114,umd,궁지동,경상남도 사천시 궁지동,48240
48240115,umd,사등동,경상남도 사천시 사등동,48240
48240116,umd,향촌동,경상남도 사천시 향촌동,48240
48240117,umd,대방동,경상남도 사천시 대방동,48240
48240118,umd,실안동,경상남도 사천시 실안동,48240
48240119,umd,마도동,경상남도 사천시 마도동,48240
48240120,umd,늑도동,경상남도 사천시 늑도동,48240
48240121,umd,신수동,경상남도 사천시 신수동,48240
48240122,umd,백천동,경상남도 사천시 백천동,48240
48240123,umd,신벽동,경상남도 사천시 신벽동,48240
48240124,umd,노룡동,경상남도 사천시 노룡동,48240
48240125,umd,대포동,경상남도 사천시 대포동,48240
48240126,umd,송포동,경상남도 사천시 송포동,48240
48240127,umd,죽림동,경상남도 사천시 죽림동,48240
48240250,umd,사천읍,경상남도 사천시 사천읍,48240
48240310,umd,정동면,경상남도 사천시 정동면,48240
48240320,umd,사남면,경상남도 사천시 사남면,48240
48240330,umd,용현면,경상남도 사천시 용현면,48240
48240340,umd,축동면,경상남도 사천시 축동면,48240
48240350,umd,곤양면,경상남도 사천시 곤양면,48240
48240360,umd,곤명면,경상남도 사천시 곤명면,48240
48240370,umd,서포면,경상남도 사천시 서포면,48240
48250101,umd,동상동,경상남도 김해시 동상동,48250
48250102,umd,서상동,경상남도 김해시 서상동,48250
48250103,umd,부원동,경상남도 김해시 부원동,48250
48250104,umd,봉황동,경상남도 김해시 봉황동,48250
48250105,umd,대성동,경상남도 김해시 대성동,48250
48250106,umd,구산동,경상남도 김해시 구산동,48250
48250107,umd,삼계동,경상남도 김해시 삼계동,48250
48250108,umd,내동,경상남도 김해시 내동,48250
48250109,umd,외동,경상남도 김해시 외동,48250
48250110,umd,흥동,경상남도 김해시 흥동,48250
48250111,umd,풍유동,경상남도 김해시 풍유동,48250
48250112,umd,명법동,경상남도 김해시 명법동,48250
48250113,umd,이동,경상남도 김해시 이동,48250
48250114,umd,화목동,경상남도 김해시 화목동,48250
48250115,umd,전하동,경상남도 김해시 전하동,48250
48250116,umd,강동,경상남도 김해시 강동,48250
48250117,umd,삼정동,경상남도 김해시 삼정동,48250
48250118,umd,어방동,경상남도 김해시 어방동,48250
48250119,umd,삼방동,경상남도 김해시 삼방동,48250
48250120,umd,안동,경상남도 김해시 안동,48250
48250121,umd,지내동,경상남도 김해시 지내동,48250
48250122,umd,불암동,경상남도 김해시 불암동,48250
48250123,umd,유하동,경상남도 김해시 유하동,48250
48250124,umd,내덕동,경상남도 김해시 내덕동,48250
48250125,umd,부곡동,경상남도 김해시 부곡동,48250
48250126,umd,무계동,경상남도 김해시 무계동,48250
48250127,umd,신문동,경상남도 김해시 신문동,48250
48250128,umd,삼문동,경상남도 김해시 삼문동,48250
48250129,umd,대청동,경상남도 김해시 대청동,48250
48250130,umd,관동동,경상남도 김해시 관동동,48250
48250131,umd,율하동,경상남도 김해시 율하동,48250
48250132,umd,장유동,경상남도 김해시 장유동,48250
48250133,umd,응달동,경상남도 김해시 응달동,48250
48250134,umd,수가동,경상남도 김해시 수가동,48250
48250250,umd,진영읍,경상남도 김해시 진영읍,48250
48250320,umd,주촌면,경상남도 김해시 주촌면,48250
48250330,umd,진례면,경상남도 김해시 진례면,48250
48250340,umd,한림면,경상남도 김해시 한림면,48250
48250350,umd,생림면,경상남도 김해시 생림면,48250
48250360,umd,상동면,경상남도 김해시 상동면,48250
48250370,umd,대동면,경상남도 김해시 대동면,48250
48270101,umd,내일동,경상남도 밀양시 내일동,48270
48270102,umd,내이동,경상남도 밀양시 내이동,48270
48270103,umd,교동,경상남도 밀양시 교동,48270
48270104,umd,삼문동,경상남도 밀양시 삼문동,48270
48270105,umd,남포동,경상남도 밀양시 남포동,48270
48270106,umd,용평동,경상남도 밀양시 용평동,48270
48270107,umd,활성동,경상남도 밀양시 활성동,48270
48270108,umd,가곡동,경상남도 밀양시 가곡동,48270
48270250,umd,삼랑진읍,경상남도 밀양시 삼랑진읍,48270
48270253,umd,하남읍,경상남도 밀양시 하남읍,48270
48270310,umd,부북면,경상남도 밀양시 부북면,48270
48270320,umd,상동면,경상남도 밀양시 상동면,48270
48270330,umd,산외면,경상남도 밀양시 산외면,48270
48270340,umd,산내면,경상남도 밀양시 산내면,48270
48270350,umd,단장면,경상남도 밀양시 단장면,48270
48270360,umd,상남면,경상남도 밀양시 상남면,48270
48270370,umd,초동면,경상남도 밀양시 초동면,48270
48270380,umd,무안면,경상남도 밀양시 무안면,48270
48270390,umd,청도면,경상남도 밀양시 청도면,48270
48310101,umd,능포동,경상남도 거제시 능포동,48310
48310102,umd,장승포동,경상남도 거제시 장승포동,48310
48310103,umd,두모동,경상남도 거제시 두모동,48310
48310104,umd,아양동,경상남도 거제시 아양동,48310
48310105,umd,아주동,경상남도 거제시 아주동,48310
48310106,umd,옥포동,경상남도 거제시 옥포동,48310
48310107,umd,덕포동,경상남도 거제시 덕포동,48310
48310108,umd,장평동,경상남도 거제시 장평동,48310
48310109,umd,고현동,경상남도 거제시 고현동,48310
48310110,umd,상동동,경상남도 거제시 상동동,48310
48310111,umd,문동동,경상남도 거제시 문동동,48310
48310112,umd,삼거동,경상남도 거제시 삼거동,48310
48310113,umd,양정동,경상남도 거제시 양정동,48310
48310114,umd,수월동,경상남도 거제시 수월동,48310
48310310,umd,일운면,경상남도 거제시 일운면,48310
48310320,umd,동부면,경상남도 거제시 동부면,48310
48310330,umd,남부면,경상남도 거제시 남부면,48310
48310340,umd,거제면,경상남도 거제시 거제면,48310
48310350,umd,둔덕면,경상남도 거제시 둔덕면,48310
48310360,umd,사등면,경상남도 거제시 사등면,48310
48310370,umd,연초면,경상남도 거제시 연초면,48310
48310380,umd,하청면,경상남도 거제시 하청면,48310
48310390,umd,장목면,경상남도 거제시 장목면,48310
48330101,umd,다방동,경상남도 양산시 다방동,48330
48330102,umd,남부동,경상남도 양산시 남부동,48330
48330103,umd,중부동,경상남도 양산시 중부동,48330
48330104,umd,북부동,경상남도 양산시 북부동,48330
48330105,umd,명곡동,경상남도 양산시 명곡동,48330
48330106,umd,신기동,경상남도 양산시 신기동,48330
48330107,umd,북정동,경상남도 양산시 북정동,48330
48330108,umd,산막동,경상남도 양산시 산막동,48330
48330109,umd,호계동,경상남도 양산시 호계동,48330
48330110,umd,교동,경상남도 양산시 교동,48330
48330111,umd,유산동,경상남도 양산시 유산동,48330
48330112,umd,어곡동,경상남도 양산시 어곡동,48330
48330113,umd,용당동,경상남도 양산시 용당동,48330
48330114,umd,삼호동,경상남도 양산시 삼호동,48330
48330115,umd,명동,경상남도 양산시 명동,48330
48330116,umd,주남동,경상남도 양산시 주남동,48330
48330117,umd,소주동,경상남도 양산시 소주동,48330
48330118,umd,주진동,경상남도 양산시 주진동,48330
48330119,umd,평산동,경상남도 양산시 평산동,48330
48330120,umd,덕계동,경상남도 양산시 덕계동,48330
48330121,umd,매곡동,경상남도 양산시 매곡동,48330
48330253,umd,물금읍,경상남도 양산시 물금읍,48330
48330310,umd,동면,경상남도 양산시 동면,48330
48330320,umd,원동면,경상남도 양산시 원동면,48330
48330330,umd,상북면,경상남도 양산시 상북면,48330
48330340,umd,하북면,경상남도 양산시 하북면,48330
48720250,umd,의령읍,경상남도 의령군 의령읍,48720
48720310,umd,가례면,경상남도 의령군 가례면,48720
48720320,umd,칠곡면,경상남도 의령군 칠곡면,48720
48720330,umd,대의면,경상남도 의령군 대의면,48720
48720340,umd,화정면,경상남도 의령군 화정면,48720
48720350,umd,용덕면,경상남도 의령군 용덕면,48720
48720360,umd,정곡면,경상남도 의령군 정곡면,48720
48720370,umd,지정면,경상남도 의령군 지정면,48720
48720380,umd,낙서면,경상남도 의령군 낙서면,48720
48720390,umd,부림면,경상남도 의령군 부림면,48720
48720400,umd,봉수면,경상남도 의령군 봉수면,48720
48720415,umd,궁류면,경상남도 의령군 궁류면,48720
48720420,umd,유곡면,경상남도 의령군 유곡면,48720
48730250,umd,가야읍,경상남도 함안군 가야읍,48730
48730253,umd,칠원읍,경상남도 함안군 칠원읍,48730
48730310,umd,함안면,경상남도 함안군 함안면,48730
48730320,umd,군북면,경상남도 함안군 군북면,48730
48730330,umd,법수면,경상남도 함안군 법수면,48730
48730340,umd,대산면,경상남도 함안군 대산면,48730
48730350,umd,칠서면,경상남도 함안군 칠서면,48730
48730360,umd,칠북면,경상남도 함안군 칠북면,48730
48730380,umd,산인면,경상남도 함안군 산인면,48730
48730390,umd,여항면,경상남도 함안군 여항면,48730
48740250,umd,창녕읍,경상남도 창녕군 창녕읍,48740
48740253,umd,남지읍,경상남도 창녕군 남지읍,48740
48740310,umd,고암면,경상남도 창녕군 고암면,48740
48740320,umd,성산면,경상남도 창녕군 성산면,48740
48740330,umd,대합면,경상남도 창녕군 대합면,48740
48740340,umd,이방면,경상남도 창녕군 이방면,48740
48740350,umd,유어면,경상남도 창녕군 유어면,48740
48740360,umd,대지면,경상남도 창녕군 대지면,48740
48740370,umd,계성면,경상남도 창녕군 계성면,48740
48740380,umd,영산면,경상남도 창녕군 영산면,48740
48740390,umd,장마면,경상남도 창녕군 장마면,48740
48740400,umd,도천면,경상남도 창녕군 도천면,48740
48740410,umd,길곡면,경상남도 창녕군 길곡면,48740
48740420,umd,부곡면,경상남도 창녕군 부곡면,48740
48820250,umd,고성읍,경상남도 고성군 고성읍,48820
48820310,umd,삼산면,경상남도 고성군 삼산면,48820
48820320,umd,하일면,경상남도 고성군 하일면,48820
48820330,umd,하이면,경상남도 고성군 하이면,48820
48820340,umd,상리면,경상남도 고성군 상리면,48820
48820350,umd,대가면,경상남도 고성군 대가면,48820
48820360,umd,영현면,경상남도 고성군 영현면,48820
48820370,umd,영오면,경상남도 고성군 영오면,48820
48820380,umd,개천면,경상남도 고성군 개천면,48820
48820390,umd,구만면,경상남도 고성군 구만면,48820
48820400,umd,회화면,경상남도 고성군 회화면,48820
48820410,umd,마암면,경상남도 고성군 마암면,48820
48820420,umd,동해면,경상남도 고성군 동해면,48820
48820430,umd,거류면,경상남도 고성군 거류면,48820
48840250,umd,남해읍,경상남도 남해군 남해읍,48840
48840310,umd,이동면,경상남도 남해군 이동면,48840
48840320,umd,상주면,경상남도 남해군 상주면,48840
48840330,umd,삼동면,경상남도 남해군 삼동면,48840
48840340,umd,미조면,경상남도 남해군 미조면,48840
48840350,umd,남면,경상남도 남해군 남면,48840
48840360,umd,서면,경상남도 남해군 서면,48840
48840370,umd,고현면,경상남도 남해군 고현면,48840
48840380,umd,설천면,경상남도 남해군 설천면,48840
48840390,umd,창선면,경상남도 남해군 창선면,48840
48850250,umd,하동읍,경상남도 하동군 하동읍,48850
48850310,umd,화개면,경상남도 하동군 화개면,48850
48850320,umd,악양면,경상남도 하동군 악양면,48850
48850330,umd,적량면,경상남도 하동군 적량면,48850
48850340,umd,횡천면,경상남도 하동군 횡천면,48850
48850350,umd,고전면,경상남도 하동군 고전면,48850
48850360,umd,금남면,경상남도 하동군 금남면,48850
48850370,umd,진교면,경상남도 하동군 진교면,48850
48850380,umd,양보면,경상남도 하동군 양보면,48850
48850390,umd,북천면,경상남도 하동군 북천면,48850
48850400,umd,청암면,경상남도 하동군 청암면,48850
48850410,umd,옥종면,경상남도 하동군 옥종면,48850
48850420,umd,금성면,경상남도 하동군 금성면,48850
48860250,umd,산청읍,경상남도 산청군 산청읍,48860
48860310,umd,차황면,경상남도 산청군 차황면,48860
48860320,umd,오부면,경상남도 산청군 오부면,48860
48860330,umd,생초면,경상남도 산청군 생초면,48860
48860340,umd,금서면,경상남도 산청군 금서면,48860
48860350,umd,삼장면,경상남도 산청군 삼장면,48860
48860360,umd,시천면,경상남도 산청군 시천면,48860
48860370,umd,단성면,경상남도 산청군 단성면,48860
48860380,umd,신안면,경상남도 산청군 신안면,48860
48860390,umd,생비량면,경상남도 산청군 생비량면,48860
48860400,umd,신등면,경상남도 산청군 신등면,48860
48870250,umd,함양읍,경상남도 함양군 함양읍,48870
48870310,umd,마천면,경상남도 함양군 마천면,48870
48870320,umd,휴천면,경상남도 함양군 휴천면,48870
48870330,umd,유림면,경상남도 함양군 유림면,48870
48870340,umd,수동면,경상남도 함양군 수동면,48870
48870350,umd,지곡면,경상남도 함양군 지곡면,48870
48870360,umd,안의면,경상남도 함양군 안의면,48870
48870370,umd,서하면,경상남도 함양군 서하면,48870
48870380,umd,서상면,경상남도 함양군 서상면,48870
48870390,umd,백전면,경상남도 함양군 백전면,48870
48870400,umd,병곡면,경상남도 함양군 병곡면,48870
48880250,umd,거창읍,경상남도 거창군 거창읍,48880
48880310,umd,주상면,경상남도 거창군 주상면,48880
48880320,umd,웅양면,경상남도 거창군 웅양면,48880
48880330,umd,고제면,경상남도 거창군 고제면,48880
48880340,umd,북상면,경상남도 거창군 북상면,48880
48880350,umd,위천면,경상남도 거창군 위천면,48880
48880360,umd,마리면,경상남도 거창군 마리면,48880
48880370,umd,남상면,경상남도 거창군 남상면,48880
48880380,umd,남하면,경상남도 거창군 남하면,48880
48880390,umd,신원면,경상남도 거창군 신원면,48880
48880400,umd,가조면,경상남도 거창군 가조면,48880
48880410,umd,가북면,경상남도 거창군 가북면,48880
48890250,umd,합천읍,경상남도 합천군 합천읍,48890
48890310,umd,봉산면,경상남도 합천군 봉산면,48890
48890320,umd,묘산면,경상남도 합천군 묘산면,48890
48890330,umd,가야면,경상남도 합천군 가야면,48890
48890340,umd,야로면,경상남도 합천군 야로면,48890
48890350,umd,율곡면,경상남도 합천군 율곡면,48890
48890360,umd,초계면,경상남도 합천군 초계면,48890
48890370,umd,쌍책면,경상남도 합천군 쌍책면,48890
48890380,umd,덕곡면,경상남도 합천군 덕곡면,48890
48890390,umd,청덕면,경상남도 합천군 청덕면,48890
48890400,umd,적중면,경상남도 합천군 적중면,48890
48890410,umd,대양면,경상남도 합천군 대양면,48890
48890420,umd,쌍백면,경상남도 합천군 쌍백면,48890
48890430,umd,삼가면,경상남도 합천군 삼가면,48890
48890440,umd,가회면,경상남도 합천군 가회면,48890
48890450,umd,대병면,경상남도 합천군 대병면,48890
48890460,umd,용주면,경상남도 합천군 용주면,48890
50110101,umd,일도일동,제주특별자치도 제주시 일도일동,50110
50110102,umd,일도이동,제주특별자치도 제주시 일도이동,50110
50110103,umd,이도일동,제주특별자치도 제주시 이도일동,50110
50110104,umd,이도이동,제주특별자치도 제주시 이도이동,50110
50110105,umd,삼도일동,제주특별자치도 제주시 삼도일동,50110
50110106,umd,삼도이동,제주특별자치도 제주시 삼도이동,50110
50110107,umd,건입동,제주특별자치도 제주시 건입동,50110
50110108,umd,용담일동,제주특별자치도 제주시 용담일동,50110
50110109,umd,용담이동,제주특별자치도 제주시 용담이동,50110
50110110,umd,용담삼동,제주특별자치도 제주시 용담삼동,50110
50110111,umd,화북일동,제주특별자치도 제주시 화북일동,50110
50110112,umd,화북이동,제주특별자치도 제주시 화북이동,50110
50110113,umd,삼양일동,제주특별자치도 제주시 삼양일동,50110
50110114,umd,삼양이동,제주특별자치도 제주시 삼양이동,50110
50110115,umd,삼양삼동,제주특별자치도 제주시 삼양삼동,50110
50110116,umd,봉개동,제주특별자치도 제주시 봉개동,50110
50110117,umd,아라일동,제주특별자치도 제주시 아라일동,50110
50110118,umd,아라이동,제주특별자치도 제주시 아라이동,50110
50110119,umd,오라일동,제주특별자치도 제주시 오라일동,50110
50110120,umd,오라이동,제주특별자치도 제주시 오라이동,50110
50110121,umd,오라삼동,제주특별자치도 제주시 오라삼동,50110
50110122,umd,노형동,제주특별자치도 제주시 노형동,50110
50110123,umd,외도일동,제주특별자치도 제주시 외도일동,50110
50110124,umd,외도이동,제주특별자치도 제주시 외도이동,50110
50110125,umd,이호일동,제주특별자치도 제주시 이호일동,50110
50110126,umd,이호이동,제주특별자치도 제주시 이호이동,50110
50110127,umd,도두일동,제주특별자치도 제주시 도두일동,50110
50110128,umd,도두이동,제주특별자치도 제주시 도두이동,50110
50110129,umd,도남동,제주특별자치도 제주시 도남동,50110
50110130,umd,도련일동,제주특별자치도 제주시 도련일동,50110
50110131,umd,도련이동,제주특별자치도 제주시 도련이동,50110
50110132,umd,용강동,제주특별자치도 제주시 용강동,50110
50110133,umd,회천동,제주특별자치도 제주시 회천동,50110
50110134,umd,오등동,제주특별자치도 제주시 오등동,50110
50110135,umd,월평동,제주특별자치도 제주시 월평동,50110
50110136,umd,영평동,제주특별자치도 제주시 영평동,50110
50110137,umd,연동,제주특별자치도 제주시 연동,50110
50110138,umd,도평동,제주특별자치도 제주시 도평동,50110
50110139,umd,해안동,제주특별자치도 제주시 해안동,50110
50110140,umd,내도동,제주특별자치도 제주시 내도동,50110
50110250,umd,한림읍,제주특별자치도 제주시 한림읍,50110
50110253,umd,애월읍,제주특별자치도 제주시 애월읍,50110
50110256,umd,구좌읍,제주특별자치도 제주시 구좌읍,50110
50110259,umd,조천읍,제주특별자치도 제주시 조천읍,50110
50110310,umd,한경면,제주특별자치도 제주시 한경면,50110
50110320,umd,추자면,제주특별자치도 제주시 추자면,50110
50110330,umd,우도면,제주특별자치도 제주시 우도면,50110
50130101,umd,서귀동,제주특별자치도 서귀포시 서귀동,50130
50130102,umd,법환동,제주특별자치도 서귀포시 법환동,50130
50130103,umd,서호동,제주특별자치도 서귀포시 서호동,50130
50130104,umd,호근동,제주특별자치도 서귀포시 호근동,50130
50130105,umd,동홍동,제주특별자치도 서귀포시 동홍동,50130
50130106,umd,서홍동,제주특별자치도 서귀포시 서홍동,50130
50130107,umd,상효동,제주특별자치도 서귀포시 상효동,50130
50130108,umd,하효동,제주특별자치도 서귀포시 하효동,50130
50130109,umd,신효동,제주특별자치도 서귀포시 신효동,50130
50130110,umd,보목동,제주특별자치도 서귀포시 보목동,50130
50130111,umd,토평동,제주특별자치도 서귀포시 토평동,50130
50130112,umd,중문동,제주특별자치도 서귀포시 중문동,50130
50130113,umd,회수동,제주특별자치도 서귀포시 회수동,50130
50130114,umd,대포동,제주특별자치도 서귀포시 대포동,50130
50130115,umd,월평동,제주특별자치도 서귀포시 월평동,50130
50130116,umd,강정동,제주특별자치도 서귀포시 강정동,50130
50130117,umd,도순동,제주특별자치도 서귀포시 도순동,50130
50130118,umd,하원동,제주특별자치도 서귀포시 하원동,50130
50130119,umd,색달동,제주특별자치도 서귀포시 색달동,50130
50130120,umd,상예동,제주특별자치도 서귀포시 상예동,50130
50130121,umd,하예동,제주특별자치도 서귀포시 하예동,50130
50130122,umd,영남동,제주특별자치도 서귀포시 영남동,50130
50130250,umd,대정읍,제주특별자치도 서귀포시 대정읍,50130
50130253,umd,남원읍,제주특별자치도 서귀포시 남원읍,50130
50130259,umd,성산읍,제주특별자치도 서귀포시 성산읍,50130
50130310,umd,안덕면,제주특별자치도 서귀포시 안덕면,50130
50130320,umd,표선면,제주특별자치도 서귀포시 표선면,50130
51110101,umd,봉의동,강원특별자치도 춘천시 봉의동,51110
51110102,umd,요선동,강원특별자치도 춘천시 요선동,51110
51110103,umd,낙원동,강원특별자치도 춘천시 낙원동,51110
51110104,umd,중앙로1가,강원특별자치도 춘천시 중앙로1가,51110
51110105,umd,중앙로2가,강원특별자치도 춘천시 중앙로2가,51110
51110106,umd,중앙로3가,강원특별자치도 춘천시 중앙로3가,51110
51110107,umd,옥천동,강원특별자치도 춘천시 옥천동,51110
51110108,umd,조양동,강원특별자치도 춘천시 조양동,51110
51110109,umd,죽림동,강원특별자치도 춘천시 죽림동,51110
51110110,umd,운교동,강원특별자치도 춘천시 운교동,51110
51110111,umd,약사동,강원특별자치도 춘천시 약사동,51110
51110112,umd,효자동,강원특별자치도 춘천시 효자동,51110
51110113,umd,소양로1가,강원특별자치도 춘천시 소양로1가,51110
51110114,umd,소양로2가,강원특별자치도 춘천시 소양로2가,51110
51110115,umd,소양로3가,강원특별자치도 춘천시 소양로3가,51110
51110116,umd,소양로4가,강원특별자치도 춘천시 소양로4가,51110
51110117,umd,근화동,강원특별자치도 춘천시 근화동,51110
51110118,umd,우두동,강원특별자치도 춘천시 우두동,51110
51110119,umd,사농동,강원특별자치도 춘천시 사농동,51110
51110120,umd,후평동,강원특별자치도 춘천시 후평동,51110
51110121,umd,온의동,강원특별자치도 춘천시 온의동,51110
51110122,umd,교동,강원특별자치도 춘천시 교동,51110
51110123,umd,퇴계동,강원특별자치도 춘천시 퇴계동,51110
51110124,umd,석사동,강원특별자치도 춘천시 석사동,51110
51110125,umd,삼천동,강원특별자치도 춘천시 삼천동,51110
51110126,umd,칠전동,강원특별자치도 춘천시 칠전동,51110
51110127,umd,송암동,강원특별자치도 춘천시 송암동,51110
51110128,umd,신동,강원특별자치도 춘천시 신동,51110
51110129,umd,중도동,강원특별자치도 춘천시 중도동,51110
51110250,umd,신북읍,강원특별자치도 춘천시 신북읍,51110
51110310,umd,동면,강원특별자치도 춘천시 동면,51110
51110320,umd,동산면,강원특별자치도 춘천시 동산면,51110
51110330,umd,신동면,강원특별자치도 춘천시 신동면,51110
51110340,umd,남면,강원특별자치도 춘천시 남면,51110
51110350,umd,서면,강원특별자치도 춘천시 서면,51110
51110360,umd,사북면,강원특별자치도 춘천시 사북면,51110
51110380,umd,북산면,강원특별자치도 춘천시 북산면,51110
51110390,umd,동내면,강원특별자치도 춘천시 동내면,51110
51110400,umd,남산면,강원특별자치도 춘천시 남산면,51110
51130101,umd,중앙동,강원특별자치도 원주시 중앙동,51130
51130102,umd,평원동,강원특별자치도 원주시 평원동,51130
51130103,umd,원동,강원특별자치도 원주시 원동,51130
51130104,umd,인동,강원특별자치도 원주시 인동,51130
51130105,umd,개운동,강원특별자치도 원주시 개운동,51130
51130106,umd,명륜동,강원특별자치도 원주시 명륜동,51130
51130107,umd,단구동,강원특별자치도 원주시 단구동,51130
51130108,umd,일산동,강원특별자치도 원주시 일산동,51130
51130109,umd,학성동,강원특별자치도 원주시 학성동,51130
51130110,umd,단계동,강원특별자치도 원주시 단계동,51130
51130111,umd,우산동,강원특별자치도 원주시 우산동,51130
51130112,umd,태장동,강원특별자치도 원주시 태장동,51130
51130113,umd,봉산동,강원특별자치도 원주시 봉산동,51130
51130114,umd,행구동,강원특별자치도 원주시 행구동,51130
51130115,umd,무실동,강원특별자치도 원주시 무실동,51130
51130116,umd,관설동,강원특별자치도 원주시 관설동,51130
51130117,umd,반곡동,강원특별자치도 원주시 반곡동,51130
51130118,umd,가현동,강원특별자치도 원주시 가현동,51130
51130250,umd,문막읍,강원특별자치도 원주시 문막읍,51130
51130310,umd,소초면,강원특별자치도 원주시 소초면,51130
51130320,umd,호저면,강원특별자치도 원주시 호저면,51130
51130330,umd,지정면,강원특별자치도 원주시 지정면,51130
51130350,umd,부론면,강원특별자치도 원주시 부론면,51130
51130360,umd,귀래면,강원특별자치도 원주시 귀래면,51130
51130370,umd,흥업면,강원특별자치도 원주시 흥업면,51130
51130380,umd,판부면,강원특별자치도 원주시 판부면,51130
51130390,umd,신림면,강원특별자치도 원주시 신림면,51130
51150101,umd,홍제동,강원특별자치도 강릉시 홍제동,51150
51150102,umd,남문동,강원특별자치도 강릉시 남문동,51150
51150103,umd,명주동,강원특별자치도 강릉시 명주동,51150
51150104,umd,성내동,강원특별자치도 강릉시 성내동,51150
51150105,umd,임당동,강원특별자치도 강릉시 임당동,51150
51150106,umd,금학동,강원특별자치도 강릉시 금학동,51150
51150107,umd,용강동,강원특별자치도 강릉시 용강동,51150
51150108,umd,성남동,강원특별자치도 강릉시 성남동,51150
51150109,umd,옥천동,강원특별자치도 강릉시 옥천동,51150
51150110,umd,교동,강원특별자치도 강릉시 교동,51150
51150111,umd,포남동,강원특별자치도 강릉시 포남동,51150
51150112,umd,초당동,강원특별자치도 강릉시 초당동,51150
51150113,umd,강문동,강원특별자치도 강릉시 강문동,51150
51150114,umd,송정동,강원특별자치도 강릉시 송정동,51150
51150115,umd,견소동,강원특별자치도 강릉시 견소동,51150
51150116,umd,내곡동,강원특별자치도 강릉시 내곡동,51150
51150117,umd,회산동,강원특별자치도 강릉시 회산동,51150
51150118,umd,장현동,강원특별자치도 강릉시 장현동,51150
51150119,umd,박월동,강원특별자치도 강릉시 박월동,51150
51150120,umd,담산동,강원특별자치도 강릉시 담산동,51150
51150121,umd,노암동,강원특별자치도 강릉시 노암동,51150
51150122,umd,유산동,강원특별자치도 강릉시 유산동,51150
51150123,umd,월호평동,강원특별자치도 강릉시 월호평동,51150
51150124,umd,신석동,강원특별자치도 강릉시 신석동,51150
51150125,umd,입암동,강원특별자치도 강릉시 입암동,51150
51150126,umd,청량동,강원특별자치도 강릉시 청량동,51150
51150127,umd,두산동,강원특별자치도 강릉시 두산동,51150
51150128,umd,학동,강원특별자치도 강릉시 학동,51150
51150129,umd,병산동,강원특별자치도 강릉시 병산동,51150
51150130,umd,남항진동,강원특별자치도 강릉시 남항진동,51150
51150131,umd,유천동,강원특별자치도 강릉시 유천동,51150
51150132,umd,지변동,강원특별자치도 강릉시 지변동,51150
51150133,umd,죽헌동,강원특별자치도 강릉시 죽헌동,51150
51150134,umd,대전동,강원특별자치도 강릉시 대전동,51150
51150135,umd,운정동,강원특별자치도 강릉시 운정동,51150
51150136,umd,난곡동,강원특별자치도 강릉시 난곡동,51150
51150137,umd,저동,강원특별자치도 강릉시 저동,51150
51150138,umd,안현동,강원특별자치도 강릉시 안현동,51150
51150139,umd,운산동,강원특별자치도 강릉시 운산동,51150
51150250,umd,주문진읍,강원특별자치도 강릉시 주문진읍,51150
51150310,umd,성산면,강원특별자치도 강릉시 성산면,51150
51150320,umd,왕산면,강원특별자치도 강릉시 왕산면,51150
51150330,umd,구정면,강원특별자치도 강릉시 구정면,51150
51150340,umd,강동면,강원특별자치도 강릉시 강동면,51150
51150350,umd,옥계면,강원특별자치도 강릉시 옥계면,51150
51150360,umd,사천면,강원특별자치도 강릉시 사천면,51150
51150370,umd,연곡면,강원특별자치도 강릉시 연곡면,51150
51170101,umd,천곡동,강원특별자치도 동해시 천곡동,51170
51170102,umd,평릉동,강원특별자치도 동해시 평릉동,51170
51170103,umd,송정동,강원특별자치도 동해시 송정동,51170
51170104,umd,용정동,강원특별자치도 동해시 용정동,51170
51170105,umd,지흥동,강원특별자치도 동해시 지흥동,51170
51170106,umd,효가동,강원특별자치도 동해시 효가동,51170
51170107,umd,동회동,강원특별자치도 동해시 동회동,51170
51170108,umd,나안동,강원특별자치도 동해시 나안동,51170
51170109,umd,쇄운동,강원특별자치도 동해시 쇄운동,51170
51170110,umd,부곡동,강원특별자치도 동해시 부곡동,51170
51170111,umd,발한동,강원특별자치도 동해시 발한동,51170
51170112,umd,북평동,강원특별자치도 동해시 북평동,51170
51170113,umd,구미동,강원특별자치도 동해시 구미동,51170
51170114,umd,추암동,강원특별자치도 동해시 추암동,51170
51170115,umd,구호동,강원특별자치도 동해시 구호동,51170
51170116,umd,단봉동,강원특별자치도 동해시 단봉동,51170
51170117,umd,지가동,강원특별자치도 동해시 지가동,51170
51170118,umd,이도동,강원특별자치도 동해시 이도동,51170
51170119,umd,귀운동,강원특별자치도 동해시 귀운동,51170
51170120,umd,대구동,강원특별자치도 동해시 대구동,51170
51170121,umd,호현동,강원특별자치도 동해시 호현동,51170
51170122,umd,내동,강원특별자치도 동해시 내동,51170
51170123,umd,묵호진동,강원특별자치도 동해시 묵호진동,51170
51170124,umd,삼화동,강원특별자치도 동해시 삼화동,51170
51170125,umd,이기동,강원특별자치도 동해시 이기동,51170
51170126,umd,이로동,강원특별자치도 동해시 이로동,51170
51170127,umd,어달동,강원특별자치도 동해시 어달동,51170
51170128,umd,대진동,강원특별자치도 동해시 대진동,51170
51170129,umd,망상동,강원특별자치도 동해시 망상동,51170
51170130,umd,심곡동,강원특별자치도 동해시 심곡동,51170
51170131,umd,초구동,강원특별자치도 동해시 초구동,51170
51170132,umd,괴란동,강원특별자치도 동해시 괴란동,51170
51170133,umd,만우동,강원특별자치도 동해시 만우동,51170
51170134,umd,신흥동,강원특별자치도 동해시 신흥동,51170
51170135,umd,비천동,강원특별자치도 동해시 비천동,51170
51170136,umd,달방동,강원특별자치도 동해시 달방동,51170
51190101,umd,황지동,강원특별자치도 태백시 황지동,51190
51190102,umd,장성동,강원특별자치도 태백시 장성동,51190
51190103,umd,금천동,강원특별자치도 태백시 금천동,51190
51190104,umd,철암동,강원특별자치도 태백시 철암동,51190
51190105,umd,문곡동,강원특별자치도 태백시 문곡동,51190
51190106,umd,동점동,강원특별자치도 태백시 동점동,51190
51190107,umd,소도동,강원특별자치도 태백시 소도동,51190
51190108,umd,혈동,강원특별자치도 태백시 혈동,51190
51190109,umd,화전동,강원특별자치도 태백시 화전동,51190
51190110,umd,적각동,강원특별자치도 태백시 적각동,51190
51190111,umd,창죽동,강원특별자치도 태백시 창죽동,51190
51190112,umd,통동,강원특별자치도 태백시 통동,51190
51190113,umd,백산동,강원특별자치도 태백시 백산동,51190
51190114,umd,원동,강원특별자치도 태백시 원동,51190
51190115,umd,상사미동,강원특별자치도 태백시 상사미동,51190
51190116,umd,하사미동,강원특별자치도 태백시 하사미동,51190
51190117,umd,조탄동,강원특별자치도 태백시 조탄동,51190
51210101,umd,영랑동,강원특별자치도 속초시 영랑동,51210
51210102,umd,동명동,강원특별자치도 속초시 동명동,51210
51210103,umd,중앙동,강원특별자치도 속초시 중앙동,51210
51210104,umd,금호동,강원특별자치도 속초시 금호동,51210
51210105,umd,청학동,강원특별자치도 속초시 청학동,51210
51210106,umd,교동,강원특별자치도 속초시 교동,51210
51210107,umd,노학동,강원특별자치도 속초시 노학동,51210
51210108,umd,조양동,강원특별자치도 속초시 조양동,51210
51210109,umd,청호동,강원특별자치도 속초시 청호동,51210
51210110,umd,대포동,강원특별자치도 속초시 대포동,51210
51210111,umd,도문동,강원특별자치도 속초시 도문동,51210
51210112,umd,설악동,강원특별자치도 속초시 설악동,51210
51210113,umd,장사동,강원특별자치도 속초시 장사동,51210
51230101,umd,성내동,강원특별자치도 삼척시 성내동,51230
51230102,umd,성북동,강원특별자치도 삼척시 성북동,51230
51230103,umd,읍상동,강원특별자치도 삼척시 읍상동,51230
51230104,umd,읍중동,강원특별자치도 삼척시 읍중동,51230
51230105,umd,당저동,강원특별자치도 삼척시 당저동,51230
51230106,umd,교동,강원특별자치도 삼척시 교동,51230
51230107,umd,갈천동,강원특별자치도 삼척시 갈천동,51230
51230108,umd,증산동,강원특별자치도 삼척시 증산동,51230
51230109,umd,우지동,강원특별자치도 삼척시 우지동,51230
51230110,umd,마달동,강원특별자치도 삼척시 마달동,51230
51230111,umd,자원동,강원특별자치도 삼척시 자원동,51230
51230112,umd,평전동,강원특별자치도 삼척시 평전동,51230
51230113,umd,등봉동,강원특별자치도 삼척시 등봉동,51230
51230114,umd,도경동,강원특별자치도 삼척시 도경동,51230
51230115,umd,마평동,강원특별자치도 삼척시 마평동,51230
51230116,umd,오사동,강원특별자치도 삼척시 오사동,51230
51230117,umd,건지동,강원특별자치도 삼척시 건지동,51230
51230118,umd,원당동,강원특별자치도 삼척시 원당동,51230
51230119,umd,성남동,강원특별자치도 삼척시 성남동,51230
51230120,umd,남양동,강원특별자치도 삼척시 남양동,51230
51230121,umd,사직동,강원특별자치도 삼척시 사직동,51230
51230122,umd,오분동,강원특별자치도 삼척시 오분동,51230
51230123,umd,적노동,강원특별자치도 삼척시 적노동,51230
51230124,umd,조비동,강원특별자치도 삼척시 조비동,51230
51230125,umd,정상동,강원특별자치도 삼척시 정상동,51230
51230126,umd,정하동,강원특별자치도 삼척시 정하동,51230
51230127,umd,근산동,강원특별자치도 삼척시 근산동,51230
51230250,umd,도계읍,강원특별자치도 삼척시 도계읍,51230
51230253,umd,원덕읍,강원특별자치도 삼척시 원덕읍,51230
51230310,umd,근덕면,강원특별자치도 삼척시 근덕면,51230
51230320,umd,하장면,강원특별자치도 삼척시 하장면,51230
51230330,umd,노곡면,강원특별자치도 삼척시 노곡면,51230
51230340,umd,미로면,강원특별자치도 삼척시 미로면,51230
51230350,umd,가곡면,강원특별자치도 삼척시 가곡면,51230
51230360,umd,신기면,강원특별자치도 삼척시 신기면,51230
51720250,umd,홍천읍,강원특별자치도 홍천군 홍천읍,51720
51720310,umd,화촌면,강원특별자치도 홍천군 화촌면,51720
51720320,umd,두촌면,강원특별자치도 홍천군 두촌면,51720
51720330,umd,내촌면,강원특별자치도 홍천군 내촌면,51720
51720340,umd,서석면,강원특별자치도 홍천군 서석면,51720
51720352,umd,영귀미면,강원특별자치도 홍천군 영귀미면,51720
51720360,umd,남면,강원특별자치도 홍천군 남면,51720
51720370,umd,서면,강원특별자치도 홍천군 서면,51720
51720380,umd,북방면,강원특별자치도 홍천군 북방면,51720
51720390,umd,내면,강원특별자치도 홍천군 내면,51720
51730250,umd,횡성읍,강원특별자치도 횡성군 횡성읍,51730
51730310,umd,우천면,강원특별자치도 횡성군 우천면,51730
51730320,umd,안흥면,강원특별자치도 횡성군 안흥면,51730
51730330,umd,둔내면,강원특별자치도 횡성군 둔내면,51730
51730340,umd,갑천면,강원특별자치도 횡성군 갑천면,51730
51730350,umd,청일면,강원특별자치도 횡성군 청일면,51730
51730360,umd,공근면,강원특별자치도 횡성군 공근면,51730
51730370,umd,서원면,강원특별자치도 횡성군 서원면,51730
51730380,umd,강림면,강원특별자치도 횡성군 강림면,51730
51750250,umd,영월읍,강원특별자치도 영월군 영월읍,51750
51750253,umd,상동읍,강원특별자치도 영월군 상동읍,51750
51750312,umd,산솔면,강원특별자치도 영월군 산솔면,51750
51750325,umd,김삿갓면,강원특별자치도 영월군 김삿갓면,51750
51750330,umd,북면,강원특별자치도 영월군 북면,51750
51750340,umd,남면,강원특별자치도 영월군 남면,51750
51750355,umd,한반도면,강원특별자치도 영월군 한반도면,51750
51750360,umd,주천면,강원특별자치도 영월군 주천면,51750
51750380,umd,무릉도원면,강원특별자치도 영월군 무릉도원면,51750
51760250,umd,평창읍,강원특별자치도 평창군 평창읍,51760
51760310,umd,미탄면,강원특별자치도 평창군 미탄면,51760
51760320,umd,방림면,강원특별자치도 평창군 방림면,51760
51760330,umd,대화면,강원특별자치도 평창군 대화면,51760
51760340,umd,봉평면,강원특별자치도 평창군 봉평면,51760
51760350,umd,용평면,강원특별자치도 평창군 용평면,51760
51760360,umd,진부면,강원특별자치도 평창군 진부면,51760
51760380,umd,대관령면,강원특별자치도 평창군 대관령면,51760
51770250,umd,정선읍,강원특별자치도 정선군 정선읍,51770
51770253,umd,고한읍,강원특별자치도 정선군 고한읍,51770
51770256,umd,사북읍,강원특별자치도 정선군 사북읍,51770
51770259,umd,신동읍,강원특별자치도 정선군 신동읍,51770
51770320,umd,남면,강원특별자치도 정선군 남면,51770
51770340,umd,북평면,강원특별자치도 정선군 북평면,51770
51770350,umd,임계면,강원특별자치도 정선군 임계면,51770
51770360,umd,화암면,강원특별자치도 정선군 화암면,51770
51770370,umd,여량면,강원특별자치도 정선군 여량면,51770
51780250,umd,철원읍,강원특별자치도 철원군 철원읍,51780
51780253,umd,김화읍,강원특별자치도 철원군 김화읍,51780
51780256,umd,갈말읍,강원특별자치도 철원군 갈말읍,51780
51780259,umd,동송읍,강원특별자치도 철원군 동송읍,51780
51780310,umd,서면,강원특별자치도 철원군 서면,51780
51780320,umd,근남면,강원특별자치도 철원군 근남면,51780
51780330,umd,근북면,강원특별자치도 철원군 근북면,51780
51780340,umd,근동면,강원특별자치도 철원군 근동면,51780
51780350,umd,원동면,강원특별자치도 철원군 원동면,51780
51780360,umd,원남면,강원특별자치도 철원군 원남면,51780
51780370,umd,임남면,강원특별자치도 철원군 임남면,51780
51790250,umd,화천읍,강원특별자치도 화천군 화천읍,51790
51790310,umd,간동면,강원특별자치도 화천군 간동면,51790
51790320,umd,하남면,강원특별자치도 화천군 하남면,51790
51790330,umd,상서면,강원특별자치도 화천군 상서면,51790
51790340,umd,사내면,강원특별자치도 화천군 사내면,51790
51800250,umd,양구읍,강원특별자치도 양구군 양구읍,51800
51800315,umd,국토정중앙면,강원특별자치도 양구군 국토정중앙면,51800
51800320,umd,동면,강원특별자치도 양구군 동면,51800
51800330,umd,방산면,강원특별자치도 양구군 방산면,51800
51800340,umd,해안면,강원특별자치도 양구군 해안면,51800
51810250,umd,인제읍,강원특별자치도 인제군 인제읍,51810
51810310,umd,남면,강원특별자치도 인제군 남면,51810
51810320,umd,북면,강원특별자치도 인제군 북면,51810
51810330,umd,기린면,강원특별자치도 인제군 기린면,51810
51810340,umd,서화면,강원특별자치도 인제군 서화면,51810
51810350,umd,상남면,강원특별자치도 인제군 상남면,51810
51820250,umd,간성읍,강원특별자치도 고성군 간성읍,51820
51820253,umd,거진읍,강원특별자치도 고성군 거진읍,51820
51820310,umd,현내면,강원특별자치도 고성군 현내면,51820
51820320,umd,죽왕면,강원특별자치도 고성군 죽왕면,51820
51820330,umd,토성면,강원특별자치도 고성군 토성면,51820
51820340,umd,수동면,강원특별자치도 고성군 수동면,51820
51830250,umd,양양읍,강원특별자치도 양양군 양양읍,51830
51830310,umd,서면,강원특별자치도 양양군 서면,51830
51830320,umd,손양면,강원특별자치도 양양군 손양면,51830
51830330,umd,현북면,강원특별자치도 양양군 현북면,51830
51830340,umd,현남면,강원특별자치도 양양군 현남면,51830
51830350,umd,강현면,강원특별자치도 양양군 강현면,51830
52111101,umd,중앙동1가,전북특별자치도 전주시 완산구 중앙동1가,52111
52111102,umd,중앙동2가,전북특별자치도 전주시 완산구 중앙동2가,52111
52111103,umd,중앙동3가,전북특별자치도 전주시 완산구 중앙동3가,52111
52111104,umd,중앙동4가,전북특별자치도 전주시 완산구 중앙동4가,52111
52111105,umd,경원동1가,전북특별자치도 전주시 완산구 경원동1가,52111
52111106,umd,경원동2가,전북특별자치도 전주시 완산구 경원동2가,52111
52111107,umd,경원동3가,전북특별자치도 전주시 완산구 경원동3가,52111
52111108,umd,풍남동1가,전북특별자치도 전주시 완산구 풍남동1가,52111
52111109,umd,풍남동2가,전북특별자치도 전주시 완산구 풍남동2가,52111
52111110,umd,풍남동3가,전북특별자치도 전주시 완산구 풍남동3가,52111
52111111,umd,전동,전북특별자치도 전주시 완산구 전동,52111
52111112,umd,전동3가,전북특별자치도 전주시 완산구 전동3가,52111
52111113,umd,다가동1가,전북특별자치도 전주시 완산구 다가동1가,52111
52111114,umd,다가동2가,전북특별자치도 전주시 완산구 다가동2가,52111
52111115,umd,다가동3가,전북특별자치도 전주시 완산구 다가동3가,52111
52111116,umd,다가동4가,전북특별자치도 전주시 완산구 다가동4가,52111
52111117,umd,고사동,전북특별자치도 전주시 완산구 고사동,52111
52111118,umd,교동,전북특별자치도 전주시 완산구 교동,52111
52111119,umd,태평동,전북특별자치도 전주시 완산구 태평동,52111
52111120,umd,중노송동,전북특별자치도 전주시 완산구 중노송동,52111
52111121,umd,남노송동,전북특별자치도 전주시 완산구 남노송동,52111
52111122,umd,동완산동,전북특별자치도 전주시 완산구 동완산동,52111
52111123,umd,서완산동1가,전북특별자치도 전주시 완산구 서완산동1가,52111
52111124,umd,서완산동2가,전북특별자치도 전주시 완산구 서완산동2가,52111
52111125,umd,동서학동,전북특별자치도 전주시 완산구 동서학동,52111
52111126,umd,서서학동,전북특별자치도 전주시 완산구 서서학동,52111
52111127,umd,중화산동1가,전북특별자치도 전주시 완산구 중화산동1가,52111
52111128,umd,중화산동2가,전북특별자치도 전주시 완산구 중화산동2가,52111
52111129,umd,서신동,전북특별자치도 전주시 완산구 서신동,52111
52111130,umd,석구동,전북특별자치도 전주시 완산구 석구동,52111
52111131,umd,원당동,전북특별자치도 전주시 완산구 원당동,52111
52111132,umd,평화동1가,전북특별자치도 전주시 완산구 평화동1가,52111
52111133,umd,평화동2가,전북특별자치도 전주시 완산구 평화동2가,52111
52111134,umd,평화동3가,전북특별자치도 전주시 완산구 평화동3가,52111
52111135,umd,중인동,전북특별자치도 전주시 완산구 중인동,52111
52111136,umd,용복동,전북특별자치도 전주시 완산구 용복동,52111
52111137,umd,삼천동1가,전북특별자치도 전주시 완산구 삼천동1가,52111
52111138,umd,삼천동2가,전북특별자치도 전주시 완산구 삼천동2가,52111
52111139,umd,삼천동3가,전북특별자치도 전주시 완산구 삼천동3가,52111
52111140,umd,효자동1가,전북특별자치도 전주시 완산구 효자동1가,52111
52111141,umd,효자동2가,전북특별자치도 전주시 완산구 효자동2가,52111
52111142,umd,효자동3가,전북특별자치도 전주시 완산구 효자동3가,52111
52111143,umd,대성동,전북특별자치도 전주시 완산구 대성동,52111
52111144,umd,색장동,전북특별자치도 전주시 완산구 색장동,52111
52111145,umd,상림동,전북특별자치도 전주시 완산구 상림동,52111
52111147,umd,서노송동,전북특별자치도 전주시 완산구 서노송동,52111
52113102,umd,진북동,전북특별자치도 전주시 덕진구 진북동,52113
52113103,umd,인후동1가,전북특별자치도 전주시 덕진구 인후동1가,52113
52113104,umd,인후동2가,전북특별자치도 전주시 덕진구 인후동2가,52113
52113105,umd,덕진동1가,전북특별자치도 전주시 덕진구 덕진동1가,52113
52113106,umd,덕진동2가,전북특별자치도 전주시 덕진구 덕진동2가,52113
52113107,umd,금암동,전북특별자치도 전주시 덕진구 금암동,52113
52113108,umd,팔복동1가,전북특별자치도 전주시 덕진구 팔복동1가,52113
52113109,umd,팔복동2가,전북특별자치도 전주시 덕진구 팔복동2가,52113
52113110,umd,팔복동3가,전북특별자치도 전주시 덕진구 팔복동3가,52113
52113111,umd,산정동,전북특별자치도 전주시 덕진구 산정동,52113
52113112,umd,금상동,전북특별자치도 전주시 덕진구 금상동,52113
52113113,umd,우아동1가,전북특별자치도 전주시 덕진구 우아동1가,52113
52113114,umd,우아동2가,전북특별자치도 전주시 덕진구 우아동2가,52113
52113115,umd,우아동3가,전북특별자치도 전주시 덕진구 우아동3가,52113
52113116,umd,호성동1가,전북특별자치도 전주시 덕진구 호성동1가,52113
52113117,umd,호성동2가,전북특별자치도 전주시 덕진구 호성동2가,52113
52113118,umd,호성동3가,전북특별자치도 전주시 덕진구 호성동3가,52113
52113119,umd,전미동1가,전북특별자치도 전주시 덕진구 전미동1가,52113
52113120,umd,전미동2가,전북특별자치도 전주시 덕진구 전미동2가,52113
52113121,umd,송천동1가,전북특별자치도 전주시 덕진구 송천동1가,52113
52113122,umd,송천동2가,전북특별자치도 전주시 덕진구 송천동2가,52113
52113123,umd,반월동,전북특별자치도 전주시 덕진구 반월동,52113
52113124,umd,화전동,전북특별자치도 전주시 덕진구 화전동,52113
52113125,umd,용정동,전북특별자치도 전주시 덕진구 용정동,52113
52113126,umd,성덕동,전북특별자치도 전주시 덕진구 성덕동,52113
52113127,umd,원동,전북특별자치도 전주시 덕진구 원동,52113
52113129,umd,고랑동,전북특별자치도 전주시 덕진구 고랑동,52113
52113130,umd,여의동,전북특별자치도 전주시 덕진구 여의동,52113
52113131,umd,만성동,전북특별자치도 전주시 덕진구 만성동,52113
52113132,umd,장동,전북특별자치도 전주시 덕진구 장동,52113
52113133,umd,팔복동4가,전북특별자치도 전주시 덕진구 팔복동4가,52113
52113134,umd,도도동,전북특별자치도 전주시 덕진구 도도동,52113
52113135,umd,강흥동,전북특별자치도 전주시 덕진구 강흥동,52113
52113136,umd,도덕동,전북특별자치도 전주시 덕진구 도덕동,52113
52113137,umd,남정동,전북특별자치도 전주시 덕진구 남정동,52113
52113138,umd,중동,전북특별자치도 전주시 덕진구 중동,52113
52113139,umd,여의동2가,전북특별자치도 전주시 덕진구 여의동2가,52113
52130101,umd,해망동,전북특별자치도 군산시 해망동,52130
52130102,umd,신흥동,전북특별자치도 군산시 신흥동,52130
52130103,umd,금동,전북특별자치도 군산시 금동,52130
52130104,umd,월명동,전북특별자치도 군산시 월명동,52130
52130105,umd,신창동,전북특별자치도 군산시 신창동,52130
52130106,umd,오룡동,전북특별자치도 군산시 오룡동,52130
52130107,umd,금광동,전북특별자치도 군산시 금광동,52130
52130108,umd,신풍동,전북특별자치도 군산시 신풍동,52130
52130109,umd,송풍동,전북특별자치도 군산시 송풍동,52130
52130110,umd,문화동,전북특별자치도 군산시 문화동,52130
52130111,umd,삼학동,전북특별자치도 군산시 삼학동,52130
52130112,umd,선양동,전북특별자치도 군산시 선양동,52130
52130113,umd,둔율동,전북특별자치도 군산시 둔율동,52130
52130114,umd,창성동,전북특별자치도 군산시 창성동,52130
52130115,umd,명산동,전북특별자치도 군산시 명산동,52130
52130116,umd,송창동,전북특별자치도 군산시 송창동,52130
52130117,umd,개복동,전북특별자치도 군산시 개복동,52130
52130118,umd,중앙로1가,전북특별자치도 군산시 중앙로1가,52130
52130119,umd,영화동,전북특별자치도 군산시 영화동,52130
52130120,umd,장미동,전북특별자치도 군산시 장미동,52130
52130121,umd,중앙로2가,전북특별자치도 군산시 중앙로2가,52130
52130122,umd,영동,전북특별자치도 군산시 영동,52130
52130123,umd,신영동,전북특별자치도 군산시 신영동,52130
52130124,umd,죽성동,전북특별자치도 군산시 죽성동,52130
52130125,umd,평화동,전북특별자치도 군산시 평화동,52130
52130126,umd,중앙로3가,전북특별자치도 군산시 중앙로3가,52130
52130127,umd,대명동,전북특별자치도 군산시 대명동,52130
52130128,umd,장재동,전북특별자치도 군산시 장재동,52130
52130129,umd,미원동,전북특별자치도 군산시 미원동,52130
52130130,umd,중동,전북특별자치도 군산시 중동,52130
52130131,umd,금암동,전북특별자치도 군산시 금암동,52130
52130132,umd,동흥남동,전북특별자치도 군산시 동흥남동,52130
52130133,umd,서흥남동,전북특별자치도 군산시 서흥남동,52130
52130134,umd,조촌동,전북특별자치도 군산시 조촌동,52130
52130135,umd,경장동,전북특별자치도 군산시 경장동,52130
52130136,umd,경암동,전북특별자치도 군산시 경암동,52130
52130137,umd,구암동,전북특별자치도 군산시 구암동,52130
52130138,umd,내흥동,전북특별자치도 군산시 내흥동,52130
52130139,umd,개정동,전북특별자치도 군산시 개정동,52130
52130140,umd,사정동,전북특별자치도 군산시 사정동,52130
52130141,umd,수송동,전북특별자치도 군산시 수송동,52130
52130142,umd,미장동,전북특별자치도 군산시 미장동,52130
52130143,umd,지곡동,전북특별자치도 군산시 지곡동,52130
52130144,umd,나운동,전북특별자치도 군산시 나운동,52130
52130145,umd,미룡동,전북특별자치도 군산시 미룡동,52130
52130146,umd,소룡동,전북특별자치도 군산시 소룡동,52130
52130147,umd,오식도동,전북특별자치도 군산시 오식도동,52130
52130148,umd,비응도동,전북특별자치도 군산시 비응도동,52130
52130149,umd,신관동,전북특별자치도 군산시 신관동,52130
52130150,umd,개사동,전북특별자치도 군산시 개사동,52130
52130151,umd,산북동,전북특별자치도 군산시 산북동,52130
52130152,umd,내초동,전북특별자치도 군산시 내초동,52130
52130250,umd,옥구읍,전북특별자치도 군산시 옥구읍,52130
52130310,umd,옥산면,전북특별자치도 군산시 옥산면,52130
52130320,umd,회현면,전북특별자치도 군산시 회현면,52130
52130330,umd,임피면,전북특별자치도 군산시 임피면,52130
52130340,umd,서수면,전북특별자치도 군산시 서수면,52130
52130350,umd,대야면,전북특별자치도 군산시 대야면,52130
52130360,umd,개정면,전북특별자치도 군산시 개정면,52130
52130370,umd,성산면,전북특별자치도 군산시 성산면,52130
52130380,umd,나포면,전북특별자치도 군산시 나포면,52130
52130390,umd,옥도면,전북특별자치도 군산시 옥도면,52130
52130400,umd,옥서면,전북특별자치도 군산시 옥서면,52130
52140101,umd,창인동1가,전북특별자치도 익산시 창인동1가,52140
52140102,umd,창인동2가,전북특별자치도 익산시 창인동2가,52140
52140103,umd,중앙동1가,전북특별자치도 익산시 중앙동1가,52140
52140104,umd,중앙동2가,전북특별자치도 익산시 중앙동2가,52140
52140105,umd,중앙동3가,전북특별자치도 익산시 중앙동3가,52140
52140106,umd,평화동,전북특별자치도 익산시 평화동,52140
52140107,umd,갈산동,전북특별자치도 익산시 갈산동,52140
52140108,umd,주현동,전북특별자치도 익산시 주현동,52140
52140109,umd,인화동1가,전북특별자치도 익산시 인화동1가,52140
52140110,umd,인화동2가,전북특별자치도 익산시 인화동2가,52140
52140111,umd,동산동,전북특별자치도 익산시 동산동,52140
52140112,umd,마동,전북특별자치도 익산시 마동,52140
52140113,umd,남중동,전북특별자치도 익산시 남중동,52140
52140114,umd,모현동1가,전북특별자치도 익산시 모현동1가,52140
52140115,umd,모현동2가,전북특별자치도 익산시 모현동2가,52140
52140116,umd,송학동,전북특별자치도 익산시 송학동,52140
52140117,umd,목천동,전북특별자치도 익산시 목천동,52140
52140118,umd,만석동,전북특별자치도 익산시 만석동,52140
52140119,umd,현영동,전북특별자치도 익산시 현영동,52140
52140120,umd,신용동,전북특별자치도 익산시 신용동,52140
52140121,umd,신동,전북특별자치도 익산시 신동,52140
52140122,umd,영등동,전북특별자치도 익산시 영등동,52140
52140123,umd,어양동,전북특별자치도 익산시 어양동,52140
52140124,umd,신흥동,전북특별자치도 익산시 신흥동,52140
52140125,umd,금강동,전북특별자치도 익산시 금강동,52140
52140126,umd,석탄동,전북특별자치도 익산시 석탄동,52140
52140127,umd,팔봉동,전북특별자치도 익산시 팔봉동,52140
52140128,umd,덕기동,전북특별자치도 익산시 덕기동,52140
52140129,umd,석왕동,전북특별자치도 익산시 석왕동,52140
52140130,umd,은기동,전북특별자치도 익산시 은기동,52140
52140131,umd,정족동,전북특별자치도 익산시 정족동,52140
52140132,umd,임상동,전북특별자치도 익산시 임상동,52140
52140133,umd,월성동,전북특별자치도 익산시 월성동,52140
52140134,umd,부송동,전북특별자치도 익산시 부송동,52140
52140135,umd,용제동,전북특별자치도 익산시 용제동,52140
52140136,umd,석암동,전북특별자치도 익산시 석암동,52140
52140250,umd,함열읍,전북특별자치도 익산시 함열읍,52140
52140310,umd,오산면,전북특별자치도 익산시 오산면,52140
52140320,umd,황등면,전북특별자치도 익산시 황등면,52140
52140330,umd,함라면,전북특별자치도 익산시 함라면,52140
52140340,umd,웅포면,전북특별자치도 익산시 웅포면,52140
52140350,umd,성당면,전북특별자치도 익산시 성당면,52140
52140360,umd,용안면,전북특별자치도 익산시 용안면,52140
52140370,umd,낭산면,전북특별자치도 익산시 낭산면,52140
52140380,umd,망성면,전북특별자치도 익산시 망성면,52140
52140390,umd,여산면,전북특별자치도 익산시 여산면,52140
52140400,umd,금마면,전북특별자치도 익산시 금마면,52140
52140410,umd,왕궁면,전북특별자치도 익산시 왕궁면,52140
52140420,umd,춘포면,전북특별자치도 익산시 춘포면,52140
52140430,umd,삼기면,전북특별자치도 익산시 삼기면,52140
52140440,umd,용동면,전북특별자치도 익산시 용동면,52140
52180101,umd,수성동,전북특별자치도 정읍시 수성동,52180
52180102,umd,장명동,전북특별자치도 정읍시 장명동,52180
52180103,umd,상동,전북특별자치도 정읍시 상동,52180
52180104,umd,시기동,전북특별자치도 정읍시 시기동,52180
52180105,umd,연지동,전북특별자치도 정읍시 연지동,52180
52180106,umd,농소동,전북특별자치도 정읍시 농소동,52180
52180107,umd,하모동,전북특별자치도 정읍시 하모동,52180
52180108,umd,상평동,전북특별자치도 정읍시 상평동,52180
52180109,umd,과교동,전북특별자치도 정읍시 과교동,52180
52180110,umd,삼산동,전북특별자치도 정읍시 삼산동,52180
52180111,umd,진산동,전북특별자치도 정읍시 진산동,52180
52180112,umd,금붕동,전북특별자치도 정읍시 금붕동,52180
52180113,umd,송산동,전북특별자치도 정읍시 송산동,52180
52180114,umd,신월동,전북특별자치도 정읍시 신월동,52180
52180115,umd,용산동,전북특별자치도 정읍시 용산동,52180
52180116,umd,교암동,전북특별자치도 정읍시 교암동,52180
52180117,umd,부전동,전북특별자치도 정읍시 부전동,52180
52180118,umd,쌍암동,전북특별자치도 정읍시 쌍암동,52180
52180119,umd,내장동,전북특별자치도 정읍시 내장동,52180
52180120,umd,영파동,전북특별자치도 정읍시 영파동,52180
52180121,umd,하북동,전북특별자치도 정읍시 하북동,52180
52180122,umd,구룡동,전북특별자치도 정읍시 구룡동,52180
52180123,umd,흑암동,전북특별자치도 정읍시 흑암동,52180
52180124,umd,용계동,전북특별자치도 정읍시 용계동,52180
52180125,umd,공평동,전북특별자치도 정읍시 공평동,52180
52180126,umd,망제동,전북특별자치도 정읍시 망제동,52180
52180127,umd,신정동,전북특별자치도 정읍시 신정동,52180
52180250,umd,신태인읍,전북특별자치도 정읍시 신태인읍,52180
52180310,umd,북면,전북특별자치도 정읍시 북면,52180
52180320,umd,입암면,전북특별자치도 정읍시 입암면,52180
52180330,umd,소성면,전북특별자치도 정읍시 소성면,52180
52180340,umd,고부면,전북특별자치도 정읍시 고부면,52180
52180350,umd,영원면,전북특별자치도 정읍시 영원면,52180
52180360,umd,덕천면,전북특별자치도 정읍시 덕천면,52180
52180370,umd,이평면,전북특별자치도 정읍시 이평면,52180
52180380,umd,정우면,전북특별자치도 정읍시 정우면,52180
52180390,umd,태인면,전북특별자치도 정읍시 태인면,52180
52180400,umd,감곡면,전북특별자치도 정읍시 감곡면,52180
52180410,umd,옹동면,전북특별자치도 정읍시 옹동면,52180
52180420,umd,칠보면,전북특별자치도 정읍시 칠보면,52180
52180430,umd,산내면,전북특별자치도 정읍시 산내면,52180
52180440,umd,산외면,전북특별자치도 정읍시 산외면,52180
52190101,umd,동충동,전북특별자치도 남원시 동충동,52190
52190102,umd,하정동,전북특별자치도 남원시 하정동,52190
52190103,umd,죽항동,전북특별자치도 남원시 죽항동,52190
52190104,umd,쌍교동,전북특별자치도 남원시 쌍교동,52190
52190105,umd,천거동,전북특별자치도 남원시 천거동,52190
52190106,umd,금동,전북특별자치도 남원시 금동,52190
52190107,umd,조산동,전북특별자치도 남원시 조산동,52190
52190108,umd,왕정동,전북특별자치도 남원시 왕정동,52190
52190109,umd,신정동,전북특별자치도 남원시 신정동,52190
52190110,umd,화정동,전북특별자치도 남원시 화정동,52190
52190111,umd,향교동,전북특별자치도 남원시 향교동,52190
52190112,umd,용정동,전북특별자치도 남원시 용정동,52190
52190113,umd,광치동,전북특별자치도 남원시 광치동,52190
52190114,umd,내척동,전북특별자치도 남원시 내척동,52190
52190115,umd,산곡동,전북특별자치도 남원시 산곡동,52190
52190116,umd,도통동,전북특별자치도 남원시 도통동,52190
52190117,umd,월락동,전북특별자치도 남원시 월락동,52190
52190118,umd,고죽동,전북특별자치도 남원시 고죽동,52190
52190119,umd,식정동,전북특별자치도 남원시 식정동,52190
52190120,umd,갈치동,전북특별자치도 남원시 갈치동,52190
52190121,umd,노암동,전북특별자치도 남원시 노암동,52190
52190122,umd,어현동,전북특별자치도 남원시 어현동,52190
52190123,umd,신촌동,전북특별자치도 남원시 신촌동,52190
52190250,umd,운봉읍,전북특별자치도 남원시 운봉읍,52190
52190310,umd,주천면,전북특별자치도 남원시 주천면,52190
52190320,umd,수지면,전북특별자치도 남원시 수지면,52190
52190330,umd,송동면,전북특별자치도 남원시 송동면,52190
52190340,umd,주생면,전북특별자치도 남원시 주생면,52190
52190350,umd,금지면,전북특별자치도 남원시 금지면,52190
52190360,umd,대강면,전북특별자치도 남원시 대강면,52190
52190370,umd,대산면,전북특별자치도 남원시 대산면,52190
52190380,umd,사매면,전북특별자치도 남원시 사매면,52190
52190390,umd,덕과면,전북특별자치도 남원시 덕과면,52190
52190400,umd,보절면,전북특별자치도 남원시 보절면,52190
52190410,umd,산동면,전북특별자치도 남원시 산동면,52190
52190420,umd,이백면,전북특별자치도 남원시 이백면,52190
52190450,umd,아영면,전북특별자치도 남원시 아영면,52190
52190460,umd,산내면,전북특별자치도 남원시 산내면,52190
52190470,umd,인월면,전북특별자치도 남원시 인월면,52190
52210101,umd,요촌동,전북특별자치도 김제시 요촌동,52210
52210102,umd,신풍동,전북특별자치도 김제시 신풍동,52210
52210103,umd,용동,전북특별자치도 김제시 용동,52210
52210104,umd,검산동,전북특별자치도 김제시 검산동,52210
52210105,umd,순동,전북특별자치도 김제시 순동,52210
52210106,umd,백학동,전북특별자치도 김제시 백학동,52210
52210107,umd,서암동,전북특별자치도 김제시 서암동,52210
52210108,umd,신곡동,전북특별자치도 김제시 신곡동,52210
52210109,umd,교동,전북특별자치도 김제시 교동,52210
52210110,umd,옥산동,전북특별자치도 김제시 옥산동,52210
52210111,umd,갈공동,전북특별자치도 김제시 갈공동,52210
52210112,umd,하동,전북특별자치도 김제시 하동,52210
52210113,umd,흥사동,전북특별자치도 김제시 흥사동,52210
52210114,umd,상동동,전북특별자치도 김제시 상동동,52210
52210115,umd,월성동,전북특별자치도 김제시 월성동,52210
52210116,umd,황산동,전북특별자치도 김제시 황산동,52210
52210117,umd,난봉동,전북특별자치도 김제시 난봉동,52210
52210118,umd,오정동,전북특별자치도 김제시 오정동,52210
52210119,umd,복죽동,전북특별자치도 김제시 복죽동,52210
52210120,umd,입석동,전북특별자치도 김제시 입석동,52210
52210121,umd,장화동,전북특별자치도 김제시 장화동,52210
52210122,umd,신덕동,전북특별자치도 김제시 신덕동,52210
52210123,umd,월봉동,전북특별자치도 김제시 월봉동,52210
52210124,umd,신월동,전북특별자치도 김제시 신월동,52210
52210125,umd,연정동,전북특별자치도 김제시 연정동,52210
52210126,umd,명덕동,전북특별자치도 김제시 명덕동,52210
52210127,umd,제월동,전북특별자치도 김제시 제월동,52210
52210128,umd,도장동,전북특별자치도 김제시 도장동,52210
52210129,umd,서정동,전북특별자치도 김제시 서정동,52210
52210130,umd,양전동,전북특별자치도 김제시 양전동,52210
52210250,umd,만경읍,전북특별자치도 김제시 만경읍,52210
52210320,umd,죽산면,전북특별자치도 김제시 죽산면,52210
52210330,umd,백산면,전북특별자치도 김제시 백산면,52210
52210340,umd,용지면,전북특별자치도 김제시 용지면,52210
52210350,umd,백구면,전북특별자치도 김제시 백구면,52210
52210360,umd,부량면,전북특별자치도 김제시 부량면,52210
52210380,umd,공덕면,전북특별자치도 김제시 공덕면,52210
52210390,umd,청하면,전북특별자치도 김제시 청하면,52210
52210400,umd,성덕면,전북특별자치도 김제시 성덕면,52210
52210410,umd,진봉면,전북특별자치도 김제시 진봉면,52210
52210420,umd,금구면,전북특별자치도 김제시 금구면,52210
52210430,umd,봉남면,전북특별자치도 김제시 봉남면,52210
52210440,umd,황산면,전북특별자치도 김제시 황산면,52210
52210450,umd,금산면,전북특별자치도 김제시 금산면,52210
52210460,umd,광활면,전북특별자치도 김제시 광활면,52210
52710250,umd,삼례읍,전북특별자치도 완주군 삼례읍,52710
52710253,umd,봉동읍,전북특별자치도 완주군 봉동읍,52710
52710256,umd,용진읍,전북특별자치도 완주군 용진읍,52710
52710320,umd,상관면,전북특별자치도 완주군 상관면,52710
52710330,umd,이서면,전북특별자치도 완주군 이서면,52710
52710340,umd,소양면,전북특별자치도 완주군 소양면,52710
52710350,umd,구이면,전북특별자치도 완주군 구이면,52710
52710360,umd,고산면,전북특별자치도 완주군 고산면,52710
52710370,umd,비봉면,전북특별자치도 완주군 비봉면,52710
52710380,umd,운주면,전북특별자치도 완주군 운주면,52710
52710390,umd,화산면,전북특별자치도 완주군 화산면,52710
52710400,umd,동상면,전북특별자치도 완주군 동상면,52710
52710410,umd,경천면,전북특별자치도 완주군 경천면,52710
52720250,umd,진안읍,전북특별자치도 진안군 진안읍,52720
52720310,umd,용담면,전북특별자치도 진안군 용담면,52720
52720320,umd,안천면,전북특별자치도 진안군 안천면,52720
52720330,umd,동향면,전북특별자치도 진안군 동향면,52720
52720340,umd,상전면,전북특별자치도 진안군 상전면,52720
52720350,umd,백운면,전북특별자치도 진안군 백운면,52720
52720360,umd,성수면,전북특별자치도 진안군 성수면,52720
52720370,umd,마령면,전북특별자치도 진안군 마령면,52720
52720380,umd,부귀면,전북특별자치도 진안군 부귀면,52720
52720390,umd,정천면,전북특별자치도 진안군 정천면,52720
52720400,umd,주천면,전북특별자치도 진안군 주천면,52720
52730250,umd,무주읍,전북특별자치도 무주군 무주읍,52730
52730310,umd,무풍면,전북특별자치도 무주군 무풍면,52730
52730320,umd,설천면,전북특별자치도 무주군 설천면,52730
52730330,umd,적상면,전북특별자치도 무주군 적상면,52730
52730340,umd,안성면,전북특별자치도 무주군 안성면,52730
52730350,umd,부남면,전북특별자치도 무주군 부남면,52730
52740250,umd,장수읍,전북특별자치도 장수군 장수읍,52740
52740310,umd,산서면,전북특별자치도 장수군 산서면,52740
52740320,umd,번암면,전북특별자치도 장수군 번암면,52740
52740335,umd,장계면,전북특별자치도 장수군 장계면,52740
52740340,umd,천천면,전북특별자치도 장수군 천천면,52740
52740350,umd,계남면,전북특별자치도 장수군 계남면,52740
52740360,umd,계북면,전북특별자치도 장수군 계북면,52740
52750250,umd,임실읍,전북특별자치도 임실군 임실읍,52750
52750310,umd,청웅면,전북특별자치도 임실군 청웅면,52750
52750320,umd,운암면,전북특별자치도 임실군 운암면,52750
52750330,umd,신평면,전북특별자치도 임실군 신평면,52750
52750340,umd,성수면,전북특별자치도 임실군 성수면,52750
52750355,umd,오수면,전북특별자치도 임실군 오수면,52750
52750360,umd,신덕면,전북특별자치도 임실군 신덕면,52750
52750370,umd,삼계면,전북특별자치도 임실군 삼계면,52750
52750380,umd,관촌면,전북특별자치도 임실군 관촌면,52750
52750390,umd,강진면,전북특별자치도 임실군 강진면,52750
52750400,umd,덕치면,전북특별자치도 임실군 덕치면,52750
52750410,umd,지사면,전북특별자치도 임실군 지사면,52750
52770250,umd,순창읍,전북특별자치도 순창군 순창읍,52770
52770310,umd,인계면,전북특별자치도 순창군 인계면,52770
52770320,umd,동계면,전북특별자치도 순창군 동계면,52770
52770330,umd,풍산면,전북특별자치도 순창군 풍산면,52770
52770340,umd,금과면,전북특별자치도 순창군 금과면,52770
52770350,umd,팔덕면,전북특별자치도 순창군 팔덕면,52770
52770360,umd,쌍치면,전북특별자치도 순창군 쌍치면,52770
52770370,umd,복흥면,전북특별자치도 순창군 복흥면,52770
52770380,umd,적성면,전북특별자치도 순창군 적성면,52770
52770390,umd,유등면,전북특별자치도 순창군 유등면,52770
52770400,umd,구림면,전북특별자치도 순창군 구림면,52770
52790250,umd,고창읍,전북특별자치도 고창군 고창읍,52790
52790310,umd,고수면,전북특별자치도 고창군 고수면,52790
52790320,umd,아산면,전북특별자치도 고창군 아산면,52790
52790330,umd,무장면,전북특별자치도 고창군 무장면,52790
52790340,umd,공음면,전북특별자치도 고창군 공음면,52790
52790350,umd,상하면,전북특별자치도 고창군 상하면,52790
52790360,umd,해리면,전북특별자치도 고창군 해리면,52790
52790370,umd,성송면,전북특별자치도 고창군 성송면,52790
52790380,umd,대산면,전북특별자치도 고창군 대산면,52790
52790390,umd,심원면,전북특별자치도 고창군 심원면,52790
52790400,umd,흥덕면,전북특별자치도 고창군 흥덕면,52790
52790410,umd,성내면,전북특별자치도 고창군 성내면,52790
52790420,umd,신림면,전북특별자치도 고창군 신림면,52790
52790430,umd,부안면,전북특별자치도 고창군 부안면,52790
52800250,umd,부안읍,전북특별자치도 부안군 부안읍,52800
52800310,umd,주산면,전북특별자치도 부안군 주산면,52800
52800320,umd,동진면,전북특별자치도 부안군 동진면,52800
52800330,umd,행안면,전북특별자치도 부안군 행안면,52800
52800340,umd,계화면,전북특별자치도 부안군 계화면,52800
52800350,umd,보안면,전북특별자치도 부안군 보안면,52800
52800360,umd,변산면,전북특별자치도 부안군 변산면,52800
52800370,umd,진서면,전북특별자치도 부안군 진서면,52800
52800380,umd,백산면,전북특별자치도 부안군 백산면,52800
52800390,umd,상서면,전북특별자치도 부안군 상서면,52800
52800400,umd,하서면,전북특별자치도 부안군 하서면,52800
52800410,umd,줄포면,전북특별자치도 부안군 줄포면,52800
52800420,umd,위도면,전북특별자치도 부안군 위도면,52800
